:020000040800F2
:1000000040460120BD4F0008E5490008A94F0008FF
:10001000A94F0008A94F0008A94F000800000000E0
:100020000000000000000000000000001151000866
:10003000A94F000800000000C9500008F16F000837
:1000400095520008955200089552000895520008F4
:1000500095520008955200089552000895520008E4
:1000600095520008955200089552000895520008D4
:1000700095520008955200089552000895520008C4
:1000800095520008955200089552000895520008B4
:1000900095520008955200089552000895520008A4
:1000A0009552000895520008955200089552000894
:1000B0009552000895520008955200089552000884
:1000C0009552000895520008955200089552000874
:1000D0009552000895520008955200089552000864
:1000E0009552000895520008955200089552000854
:1000F0009552000895520008955200089552000844
:100100009552000895520008955200089552000833
:100110009552000895520008955200089552000823
:100120009552000895520008955200089552000813
:100130009552000895520008955200089552000803
:1001400095520008955200089552000895520008F3
:1001500095520008955200089552000895520008E3
:1001600095520008955200089552000895520008D3
:1001700095520008955200089552000895520008C3
:1001800095520008955200089552000895520008B3
:1001900095520008955200089552000895520008A3
:1001A0009552000895520008955200089552000893
:1001B0009552000895520008955200089552000883
:0801C000955200089552000859
:1001C8007BB972B90029BEBF00204FF0004106E09C
:1001D80008BF00281CBF6FF000414FF0FF3000F04F
:1001E80057B8ADF1080C6DE904CE002909DB002BE6
:1001F8001ADB00F04FF8DDF804E0DDE9022304B073
:100208007047404261EB4101002B1BDB00F042F8D4
:10021800DDF804E0DDE9022304B0404261EB41016E
:10022800524263EB43037047524263EB430300F0CF
:1002380031F8DDF804E0DDE9022304B0404261EB67
:1002480041017047524263EB430300F023F8DDF8A5
:1002580004E0DDE9022304B0524263EB4303704734
:1002680053B94AB9002908BF00281CBF4FF0FF3115
:100278004FF0FF3000F00CB8ADF1080C6DE904CE7A
:1002880000F008F8DDF804E0DDE9022304B0704767
:10029800704700BF2DE9F04786468C460846089E01
:1002A800154674461946002B40F0C2808542B2FAC2
:1002B80082F245D94AB1C2F1200300FA02FC2EFAB3
:1002C80003F3954043EA0C0C94404FEA154EA8B24C
:1002D800BCFBFEF8230C0EFB18CC08FB00F943EA24
:1002E8000C43994528D9EB1808F1FF3704D29945F2
:1002F80002D9A8F102072B44A3EB0903A4B2B3FB6C
:10030800FEFC0EFB1C330CFB00F044EA0344A04245
:1003180014D92C190CF1FF3304D2A04202D9ACF144
:1003280002032C44241A43EA07401EB1D440002398
:1003380034607360BDE8F0874746DDE76346F1E760
:1003480092BB431B01214FEA154EAFB2B3FBFEFC33
:10035800200C0EFB1C330CFB07F840EA03439845BE
:1003680062D9EB180CF1FF3004D2984502D9ACF1F0
:1003780002002B44A3EB0803A4B2B3FBFEFC0EFB64
:100388001C330CFB07F744EA0344A7424ED92C1947
:100398000CF1FF3304D2A74202D9ACF102032C447A
:1003A800E41B43EA0040C0E7C2F1200320FA03F14E
:1003B800954090402EFA03F303434FEA154EAFB22F
:1003C800B1FBFEFC0EFB1C10190C0CFB07F841EAF4
:1003D8000041884504FA02F422D969180CF1FF306B
:1003E80004D2884502D9ACF102002944A1EB0801E6
:1003F8009BB2B1FBFEFC0EFB1C110CFB07F743EA9A
:1004080001439F420ED9EB180CF1FF3104D29F42F1
:1004180002D9ACF102012B44DB1B41EA004192E70F
:100428006046E3E76146F7E76046A3E76346B7E758
:10043800834206D916B9002108467BE7C6E900E0E1
:10044800F9E7B3FA83F78FB9834201D3724508D825
:10045800BEEB020460EB030301209C461EB9002199
:1004680068E73846FAE7C6E9004CF8E7C7F1200C18
:10047800BB4022FA0CF41C432EFA0CF120FA0CF3C0
:10048800B84001434FEA14490EFA07F5B3FBF9F8EF
:100498001FFA84FE09FB18300B0C08FB0EFA43EA1E
:1004A80000439A4502FA07F240D9E31808F1FF30F1
:1004B80004D29A4502D9A8F102002344A3EB0A0307
:1004C80089B2B3FBF9F809FB183308FB0EFE41EAC1
:1004D80003418E452CD9611808F1FF3304D28E45AB
:1004E80002D9A8F10203214443EA0040A0FB029884
:1004F800A1EB0E014145CE46434602D306D14D45F8
:1005080004D2B9EB020E68EB04030138002EA6D022
:10051800B5EB0E0261EB030101FA0CFC22FA07F3BA
:100528004CEA0303F940C6E9003198E74046C5E7BD
:100538004346D9E710F8012B11F8013B012A28BFDF
:100548009A42F7D0D01A7047034611F8012B03F8E6
:10055800012B002AF9D17047034613F8012B002A12
:10056800FBD1181A013870472DE9F04704468AB0C4
:10057800884617460BF032FE0A220023FFF770FE6A
:10058800B8F1010F06460D4608D12B4ACDE9000106
:100598000821204609F06FFD002012E07F682748F7
:1005A8003946FFF7C7FF78B139462548FFF7C2FF3C
:1005B80050B120463B46234A012109F05CFD6FF00B
:1005C80004000AB0BDE8F0873046294618A3D3E9ED
:1005D8000023FFF7F5FD06460D46104619461A4A50
:1005E8000023FFF7EDFD80460F46104619464EF6EC
:1005F80060220023FFF7E4FD82468946104619462B
:100608004FF47A720023FFF7DBFDCDE904A9CDE9A9
:100618000601CDE9082308210C4A2046CDE90287C6
:10062800CDE9006509F027FDB6E700BFAFF300800C
:10063800005C260500000000B7E50008C8E50008D2
:10064800CBE50008D4E5000880EE3600EBE50008AD
:1006580038B5194C20460BF0CCFB58B1226920461E
:10066800A168136823F0020313604FF4C0220B68DB
:10067800012198471148036803F00703022B04D9A6
:1006880006230F4A032109F004FB0B4D00214FF408
:10069800FA6007F059FD00F0F7FA28B1A3685B6922
:1006A800022128469847F1E723691B689B07A3683E
:1006B80054BF1B69DB68F3E788C8000858010120AC
:1006C80096D800082DE9F0432D4C87B0236800AF79
:1006D80003F00703022B05D905232A4A03212046E4
:1006E80009F0D7FADFF8A080284E254D4FF0FF32E9
:1006F80007F108014FF0FF33404607F029F83A4662
:10070800397B07F1100000F093F970B34FF0FF3216
:100718004FF0FF331E4807F075F83B461D4A03CBE0
:10072800106051601A4807F0E5F8384600F02CFAD6
:10073800236803F00703022BD8D9E9468AB0388822
:1007480079886A46B7F90430DFF84CC0C2E9071364
:100758000523C2E905C042F8103F00234FF4235196
:10076800284601F029FDCD46C0E7236813F0060F9F
:10077800BCD0BB6802213246284609F08AFAB5E7A0
:1007880058010120CDD80008A401012035D900085E
:100798007C010120B0170120FDD80008B0B5304C0D
:1007A80000AF236803F00703022B3CD92D4A03212D
:1007B800204609F065FA236803F00703022B32D9B3
:1007C800294A0321204609F05BFA236803F007034E
:1007D800022B28D9254A0321204609F051FA23681B
:1007E80003F00703022B1ED96D468AB06A46204BD8
:1007F8005361204B9361204BD361204B1362204BF4
:1008080042F8103F00234FF42351204601F0D4FC56
:100818002368AD4603F00703022B04D9114A0321CC
:10082800204609F02DFA00F0A1F900F05FF82368DE
:10083800054650B15B0705D0124A03460121084816
:1008480009F027FA2846BD46B0BD03F00703022B7E
:10085800F8D90D4A0321024809F012FAF2E700BF5D
:10086800580101206FD90008A2D90008D5D900087D
:1008780008DA00081DDA000829DA00080002010376
:100888000400000232DA000857DA000870B5074C95
:10089800A5682046AB68984700214FF47A7007F0A6
:1008A80053FC6B682046BDE87040184764C90008CF
:1008B80003291FB5ADF80C2011D10A4803685B075E
:1008C80008D09DF80C309DF80D2001210092064AB1
:1008D80009F0E9F905B05DF804EBFFF7D7BF05B0FB
:1008E8005DF804FB3C010120C0DA0008F0B585B0D2
:1008F800384C394E20460BF07CFAF0B127694FF49A
:10090800C022A56800213B68204623F001033B6014
:100918002B6898473B68D8074FF0010154BF2B69F3
:10092800EB6820469847336803F00703022B04D985
:100938002A4A0321284809F0A3F9294D28460BF033
:1009480058FA60B93368590704D0264A0121224869
:1009580009F096F96FF01204204605B0F0BDAC68B6
:10096800002221492846636A98470121E3682846FE
:100978009847636828469847044648B133685A0739
:10098800EAD01A4A03460121134809F082F9E3E73D
:10099800174A01AB07CA83E8070016491A462846D2
:1009A80005F038F8051E336809DA5B0705D0124AE6
:1009B8002B460121084809F06CF92C46CCE703F0D6
:1009C8000703022BC8D90D4A0321034809F058F937
:1009D800C2E700BF88C800083C010120F8DA000817
:1009E80064C9000822DB0008B908000844DB0008D5
:1009F80058CE0008A401012073DB00089ADB000828
:100A080013B5044609480BF0F4F958B100234FF424
:100A18007A7221460548CDE90033002304F084FFAB
:100A280002B010BD6FF01200FAE700BF64C90008F9
:100A3800072973B5054614463DD9002A3BD00378EB
:100A48000822D42111F0800F4FEA410101D081F032
:100A58002F01013AC9B2F5D181F01A01082211F02B
:100A6800800F4FEA410101D081F02F01013AC9B24C
:100A7800F5D12A46EE1D12F8010F4140082011F069
:100A8800800F4FEA410118BF81F02F010138C9B228
:100A9800F5D19642EFD1C943C9B28B420ED018485E
:100AA800026812F0060F04D0164A0091022109F0DC
:100AB800FAF80023E371002002B070BD12496B7888
:100AC8000A7803F00F03FF2A0CD0013202F00F025C
:100AD800934207D00A48016811F0060FE9D0009246
:100AE8000A4AE3E70120A3710B70E071AB78238019
:100AF800B5F803309B0863806B79283BA380DBE75C
:100B080048010120E2DB0008C000012019DC0008D0
:100B180070B403460E4C0F48002122780546CEB229
:100B2800B2420ED8082A11D00B48511C25F81230B1
:100B380002682170520709D0084A012170BC09F0E7
:100B4800A8B830F8026B01319E42E8D170BC7047FA
:100B5800C8170120B81701206401012063DC0008D0
:100B6800014806F0C7BE00BF9001012008B5002269
:100B7800034B1A7008F0FFFB024B186008BD00BF5A
:100B8800C81701206811012010B504464FF0FF3343
:100B98004FF0FF320D4806F035FE08F0ECFB0C4B29
:100BA8001860B4F90430692B03DD40F21510FFF723
:100BB800AFFF628841F664139A4203D940F21920C4
:100BC800FFF7A6FFBDE81040FFF7CABF900101205C
:100BD8006811012070B504460E464FF0FF334FF000
:100BE800FF32114806F00EFE08F0C5FB0F4B1B68DC
:100BF800C01AB0F57A7F03D94FF48070FFF788FFE9
:100C08000B4B0C4A1D782346B54228BF354604EBEA
:100C180045018B4203D1FFF7A3FF284670BD32F888
:100C2800020B23F8020BF4E7900101206811012060
:100C3800C8170120B817012008B54FF0FF324FF050
:100C4800FF330C4806F0DEFD0B4B00221A7008F04B
:100C580092FB0A4B18600A48036803F00703022B4B
:100C680003D9084A032109F00BF8BDE80840FFF74B
:100C780077BF00BF90010120C8170120681101202B
:100C8800640101208CDC000810B54FF0FF324FF0F2
:100C9800FF33064806F0B6FD054B1C78003C18BF2C
:100CA8000124FFF75DFF204610BD00BF9001012021
:100CB800C817012030B52C4C85B08900283225781A
:100CC80089B2013505F00F0525700024CDE90144EE
:100CD800039440F223148DF80B10009408248DF827
:100CE8000D20D422E1408DF804408DF809508DF88C
:100CF8000C1021468DF80A0012F0800F4FEA4202CC
:100D080001D082F02F020139D2B2F5D182F01A0255
:100D1800082112F0800F4FEA420201D082F02F0220
:100D28000139D2B2F5D102AC012114F8010F4240C9
:100D3800082012F0800F4FEA420218BF82F02F02FB
:100D48000138D2B2F5D101310829EED143B182F090
:100D5800AA0268468DF80820FFF752FE05B030BD9C
:100D6800D243D2B2F5E700BFC917012010B5044637
:100D7800FFF762FF034A0821204609F07CF90020AA
:100D880010BD00BFD1DC00082DE9F041082186B074
:100D980005460DEB0100FFF71DFF04460346104A08
:100DA8000821284609F067F944B90E4A082128465F
:100DB80009F061F9002006B0BDE8F08102AE002715
:100DC800DFF8248036F8023B0137424608210093B9
:100DD80028463B4609F04FF9FBB29C42F2D8E9E7B6
:100DE80002DD000837DD00086DDD0008012938B58F
:100DF800044606D81C4A082109F03DF96FF0150091
:100E080038BD556819492846FFF794FB034660B971
:100E1800732240F6B8315A20FFF74CFF144A204697
:100E2800082109F028F90020EAE712492846FFF7C7
:100E380081FB034638B9582241F690218C20FFF7F0
:100E480039FF0D4AEBE70D492846FFF773FB40B918
:100E58005822012340F6C4115020FFF72BFF084AFF
:100E6800DDE7084ADBE700BF80DD0008B6DD0008E3
:100E7800BFDD0008FEDD000808DE00084ADE0008C5
:100E880052DE000893DE0008012938B504460CD864
:100E9800134B144A1978144B002918BF1346134AE8
:100EA800082109F0E8F8002038BD5568104928469F
:100EB800FFF740FB40B90122094B1A700D4A08217F
:100EC800204609F0D8F8EEE70B492846FFF732FB31
:100ED80018B9034B094A1870F1E7094AEFE700BF50
:100EE800C1000120C3DE0008D2DE0008E0DE0008F1
:100EF80042E9000815DF000854DF000858DF000841
:100F0800A0DF0008012973B5064607D8104A082152
:100F180009F0B1F86FF0150002B070BD50680BF021
:100F280017FB054680B20023582200EB800404EB2F
:100F3800840404F59664A4B22146FFF7BBFE30464C
:100F4800ABB2044A0821009409F095F80020E3E7C1
:100F5800DEDF0008FCDF000838B504464FF0FF3339
:100F68004FF0FF32204806F04DFC20461F4A08216A
:100F78001F4D09F080F820461E4A082109F07BF829
:100F880020461A4A082109F076F82B8820461A4A82
:100F9800082109F070F86B882046184A082109F0E2
:100FA8006AF8B5F904302046154A082109F063F8B3
:100FB800AB792046134A082109F05DF8E979124A0D
:100FC8002046124B002918BF1346114A082109F080
:100FD80052F8064A0821204609F04DF8024806F062
:100FE80089FC002038BD00BF7C01012049E00008D1
:100FF800B017012073E000089DE00008BCE000087D
:10100800DAE00008F9E000082FE000083AE00008FC
:1010180013E1000870B501253224104E4FF4FA6030
:10102800002107F091F83378002BF7D004EB450442
:10103800A4B2722C0FD82D2C98BF012504EB840183
:1010480000235822204601EB810101F5966189B2FF
:10105800FFF730FEE2E74FF0FF35EFE7C100012070
:101068002DE9F04F91B0840705460E46009302F033
:101078000403DDF868900293C2F3C203039203F1FC
:101088000103059340F0BA81041D30B1072909D83E
:101098006FF01B0011B0BDE8F08F01F00706341D9A
:1010A800C6F10806009B4FF000084FF0040A591ECD
:1010B8004FF0FF334746C34601935346CDF810809F
:1010C8000DB1009A22600598002800F3E88098483E
:1010D800009A824203D397488242C0F0E080039A84
:1010E800A4EB050E92074FEA9E0000F103810F2F33
:1010F80000F2B180002D00F0058107F140020DEBF0
:10110800020C019A0CF8200C0CF8102C04980130F1
:101118000490E7E07A285DD84B280ED8472859D89C
:1011280029282DD8252852D054D820287AD02338D9
:10113800D0F1000B4BEB000B74E04C382E2849D84B
:10114800DFE800F070484848484848484848484858
:101158004B484848484848484859484B4B595959BA
:10116800704B6D487048184B184848827F4B484868
:101178004B487F0000204FF0000B4FF0040A38E086
:101188002A380122C0B202FA00F010EA0E0F49D143
:1011980010F0625C2FD110EA020B43D06046013C8C
:1011A8005444B4FBFAF40AFB04F4002D61D0A3EB19
:1011B800050CA444B4453FF66BAF002868D1042B56
:1011C80047D159F8043B2360043404232AE0019AE8
:1011D800013A01924FF0000B24E011F8010C6C2841
:1011E80034D111F8023C00206C2B8346C5D14FF056
:1011F800080A5346D3E709F10709073429F0070914
:1012080024F00704F9E802AB35B106982044B0424F
:101218003FF63EAFC4E900AB08344FF0000B4FF087
:10122800080A534611F8010F002878D0BBF1000FC7
:101238007FF470AF2528F5D1019B4FF0010B0133E6
:1012480001934FF0040AECE7584694E700208346E0
:10125800A5E7082B02D06FF015001BE709F1070975
:1012680029F00709F9E80223C4E900230834082310
:10127800D8E768B9042B02D109F10409A4E7082BBF
:10128800E9D109F1070929F0070909F10809EDE78A
:10129800059A013A059259F8042B009210E7039A2F
:1012A800900720D5A4EB050E4FF0010C4FEA9E00E5
:1012B800BEF5007FCFD20F2FCDD8F5B107F1400290
:1012C800C0B20DEB020E019A0EF8200C0EF8102C8D
:1012D800BCF1000F3FF41AAF60F07F0008F101087D
:1012E8000EF8200C0137C5F1080204344FF6DA7EF7
:1012F800069297E74FF0000CDAE7BCF1000F01D037
:101308000136EFE7029802360028EBD10098CDE9C4
:101318000631FFF721F90644DDE90631E2E7631BF0
:10132800B3F5806F97D23DB9A6F10804E018B1E68D
:1013380054C70008A8FF00089B08029A28602B7071
:101348009DF81030C2B1EB7085F80280B8F1000F3B
:1013580005D008A80022C5F1010C97420ED1C5F1AD
:1013680001030DF120094FF0000A0DF1300B019334
:10137800574512D1601B8DE66B70E5E710F8013B0D
:10138800190608D504EB0C0E03F07F03B6453FF6AB
:101398007FAE04F8013B0132DFE7B8F1000F03D05C
:1013A80099F90020002A17DB029BD3B11AF80B2009
:1013B80004F8012B0022019B98182044B0423FF604
:1013C80067AE99F80000009904F8010B20460392D3
:1013D8000BF07AF9039A14440AF1010A09F1010998
:1013E800C6E799F8002055F822300093029B009830
:1013F80045F82230FFF7B0F8421CDCE76FF00D002B
:1014080048E600BF2DE9F04F97B00446894600AF83
:1014180090F802A0D7F880B03B62CBF3C003FA6221
:10142800BB6141B9457800780AEB800020444D45FE
:1014380017D8A0EB0409E378FB61BAF1000F02D0DA
:101448001BF0010F16D1FB6953BBFB6A1BB13A6A4B
:101458004946204698474D4628465C37BD46BDE874
:10146800F08F461C09F101093046FFF775F8013085
:101478003044DCE72378626899007A62FA6A796115
:1014880004EB8301002A40F004814D460E4601EB2F
:101498000A094FF000084E4550D101EB0A0610E04A
:1014A8001BF0020FD1D023789A0004EB83017A61F4
:1014B80062687A62FA6A002A7BD14D4601EB0A0615
:1014C80090461BF0050F0CBF02230123FB62FB694A
:1014D80006EB430A0BF00203BB625645BCD016F874
:1014E800021B16F8013C54F823909B4B994502D3F4
:1014F8009A4B99453AD3BB69002B44D0786A07F0D8
:10150800DCFF00283FD09648036813F0060F13D07D
:10151800E9468AB06A46934B53617B6AC2E9063151
:101528004FF400731384904B42F8103F00234FF49C
:10153800125100F041FECD46023DCEE716F8013BC0
:10154800F96254F82300FFF707F8D7F88430013020
:10155800F96A4BB1D7F8883098453EBFD7F8843040
:1015680023F8180008F10108054494E7BB6923B182
:10157800786A07F0A2FF0028C5D11BF0010F05D13A
:10158800FB6AED1AA9E7BB6A002BA6D04846FEF70E
:10159800E3FFD7F8843053B1D7F8883098453FBF78
:1015A800431CD7F8842022F8183008F101080544B4
:1015B80093E7BAF1000F72D01BF0040672D0D04640
:1015C800002607F1480052463B61B9620BF07CF8EF
:1015D800B96A3B6901EB0A02F969BA62FA69520011
:1015E800FA60BA6A02EB41023A610BF00202BA6091
:1015F8003A69B96A8A4257D11BF0020F62780CBF68
:101608004FEA580100217A621BF0010F3244D2B22E
:1016180040F09F801BF0040F14BF40460020BB61C0
:101628006270A0702046E1703A6A7969FB6A98474F
:10163800051EFFF611AFBB6941463A6A07F148003B
:1016480023707B6A84F802A06370FB69E370FB6A0D
:101658009847B0F10008C0F2B5807B69A9EB0A0190
:101668003A6AC91AFB68C91AD7E90A0398470028D1
:10167800C0F2AA80A8444FF0000B07F1380A08EB23
:101688000005B34572D300213A6AFB6A08469847B9
:10169800E2E656464FF0000807F1380093E7564651
:1016A800D04697E7B04695E7BA6A12F8021B12F8D7
:1016B800015CBA6254F82500274A904202D3274AAF
:1016C80090421ED3BA6932B1786A7B6007F0F5FEA2
:1016D8007B6800288CD1BA6802BB08F1280207F1A0
:1016E800300C08F1010008F10208944407F158028F
:1016F8005FFA88F852FA80F00CF8101C00F8105CB9
:1017080076E7BA693AB1786A7B6007F0D6FE7B68FB
:1017180000287FF46DAF1BF0010F09D006F12802F5
:1017280007F13000711C161806F8205CCEB25FE78E
:101738001BF0040F3FF45CAF08F1280207F13000FA
:1017480008F1010102EB000808F8105C5FFA81F863
:101758004EE7002063E700BF54C70008A8FF000851
:10176800440101209FE20008040000011BF80A3030
:1017780054F8239087F83730D7F88430FBB133F822
:101788001B803A6A012107F13700FB6A9847002855
:101798001ADB0544B8F1000F06D14846FEF7DCFE17
:1017A80000F101081FFA88F83A6A41464846FB6A80
:1017B8009847002808DB05440BF1010B61E7D7F8CF
:1017C8008480DEE7454647E6054645E6014B186056
:1017D800704700BF0000012080B505460E46174639
:1017E800984606F0CDFCDFF8209003460AF0A4FFE7
:1017F8000446424649F8003039463046A84754F86E
:10180800090003F005FC00BF08000000044608B505
:10181800EFF31183102383F31288BFF36F8F0AF05D
:10182800D2FA204603F0E2FB024807F06DFE09F009
:101838002EFCFCE753E30008034A0020536823F01A
:1018480002035360704700BF002004E0064B0020ED
:101858001A6842F400721A601A6842F480721A60B8
:10186800024B034A1A607047003C0240AC0001205A
:101878000024F4002DE9F04395B005460E4600AF6C
:10188800D0F8AC800AF015FB044608B1037833B9E8
:101898003C1D2B46274A0B21381D07F007FA39460D
:1018A80028460AF016FB0346D0B12348026802F026
:1018B8000702022A12D9E9468AB06A46D3614FF470
:1018C80000731E4913841E4BC2E9051442F8103FE9
:1018D80000234FF4135100F06FFCCD4600233B600A
:1018E8003B6807F138012846A8EB0303C7E90A4813
:1018F8003B630AF0F5FA88B907F110000AF0FAFA22
:1019080080B96424B86BFD6BA0FB0401D7E90423FC
:1019180004FB0511FEF7A4FC786303E007F110004F
:101928000AF0E8FA07F12800B0475437BD46BDE889
:10193800F08300BF7CE30008740101207FE3000806
:1019480004000001F8B5234E00AF0446326802F0E7
:101958000702022AD0E901133AD96D468EB0D0F8B1
:1019680000C06A46C068DFF870E05162C2E905EC61
:10197800A1EB030CC2E907C34FF0640C0CFB03F3A3
:10198800B3FBF1F3C2E90A304FF400731386134B2B
:1019980042F8103F002344F2C041304600F00CFCEE
:1019A8003368AD4603F00703022B11D988B0D4E998
:1019B80006016A460A4B53610423C2E9060142F84C
:1019C800103F00234FF40351304600F0F5FBAD46BD
:1019D800BD46F8BD74010120A6E300080800000117
:1019E800E5E30008F0B583B001461A4800AF06F0F9
:1019F80087FC4FF400613A1D17480AF05EFA034667
:101A080020BB1648026802F00702022A1ED97D6828
:101A18006C468EB0C5F500616A46C2E908514FF4BC
:101A280000650F4E95626425566169430D4EC90ADB
:101A3800D1624FF4007111860B49C2E9066342F87E
:101A4800101F44F2C04100F0B7FBA5460C37BD4655
:101A5800F0BD00BF7D180008C038012074010120C6
:101A680009E400083EE4000808000001074808B53A
:101A7800036803F00703022B03D9054A032108F082
:101A8800FFF80448BDE80840FFF7ACBF7401012027
:101A980042E400084D19000838B5044C0025FFF74A
:101AA800E5FF2046294606F04FFBF8E7A08601002F
:101AB8002DE9F047044607464FF00109DFF850804A
:101AC80014B93846BDE8F08794FAA4F5B5FA85F557
:101AD80009FA05F32E0108EB05156FEA030A24EA53
:101AE80003042B7B002BEBD058F806301B694BB94D
:101AF80046440422284607EA0A077368196800F072
:101B08001BFBDDE7284698470028D9D1F0E700BF3E
:101B1800D0CD000830B5002289B00F490F480AF02F
:101B28005FFB0022002300240D4D0E492846009437
:101B3800CDE906230E234FF44072CDE90334CDE9F5
:101B48000144094B06F040F80849284605F05AFFB9
:101B5800204609B030BD00BF791B0008E00901200C
:101B680010050120002D0120851E000862E40008F0
:101B7800014805F0FBBE00BFD40101202DE9F04764
:101B880080461E480F4607F0D9FF064678B3002561
:101B98002846BDE8F087237B6BB12368DB680BB16F
:101BA8002046984723681B69CBB9636804222046FE
:101BB800196800F0C1FA013610344C45EBD3B8F17E
:101BC800000FE5D0002DE2D02846FFF771FF05464B
:101BD800002FF7D00021642006F0B6FAF2E720467D
:101BE80098470028E1D00AFA06F31D43E3E7044CBE
:101BF8000546DFF810904FF0010ADEE77C1101205E
:101C0800D0CD0008E0CD000808B5034608462BB142
:101C1800044A136000F072FD002008BD6FF0150043
:101C2800FBE700BF0400012010B5044C237813B96A
:101C3800034805F09BFE0123237010BDCA1701203D
:101C4800D401012010B50446084807F077FF5CB1BD
:101C5800074BBFF35B8F53E8001F013943E80012BD
:101C6800002AF8D1BFF35B8F10BD00BF74110120AB
:101C7800781101200020064BBFF35B8F014653E823
:101C8800000F43E80012002AF9D1BFF35B8F7047B9
:101C98007411012070B5FFF7EDFF084C0546084E9A
:101CA800B44200D370BD63685B792BB123685B686D
:101CB80013B12946204698471034F1E7D0CD0008E3
:101CC800E0CD000810B5044C0449204607F023FD78
:101CD800034B1C6010BD00BFF4000120ACCF00080E
:101CE8006C11012008B5094A00234FF47A7108489D
:101CF8001370084A1360084A1360FFF785FFFFF75F
:101D0800E1FFBDE8084000F067B900BFCB1701202C
:101D18005F9B000874110120781101200146002200
:101D28000023014807F018BDF4000120014807F01E
:101D3800AEBD00BFF4000120024B0146186807F051
:101D4800FABD00BF6C110120014807F02FBE00BF8B
:101D5800F4000120324B2DE9F041187800285DD0BD
:101D6800FFF7E4FF044698B12E4BBFF35B8F53E8AF
:101D7800001F013943E80012002AF8D12A4DBFF3A9
:101D88005B8FDFF8A880454526D32046FFF7D4FFB0
:101D9800274B284C1B68002B12DD0AF01FFA0A2279
:101DA8000023FEF75DFAD4E90032C01A40F2E933A5
:101DB80061EB0201984271F1000101D3FFF76AFF5C
:101DC800D4E9003213F57A7342F10002C4E9003213
:101DD800BDE8F041FFF7B8BF6B685B793BB121788C
:101DE8004B0706D52B68214628461B6898471035AF
:101DF800C9E726882046C1F3C20700F0BDFAC6F33A
:101E080082160246002EEDD00028EBDB012339466E
:101E1800284600F0ABF9B042E9D3E3E7BDE8F0812A
:101E2800CA17012078110120D0CD0008E0CD0008A4
:101E380074110120D809012070B50D4D297861B9B8
:101E48000C4C01200C4EFFF799FEB44206D3FFF765
:101E580081FF0028FBD101232B7070BD63685B797B
:101E68001BB1236820469B6898471034EDE700BFF4
:101E7800CB170120D0CD0008E0CD000800212DE9C6
:101E8800F0470846FFF77AFE044658B34FF4FA784D
:101E98004FF000091C4B0AF04FFC1C4A1B581360FA
:101EA80033B11B4B1B68092B02DD1A4805F05EFD98
:101EB8000025194FDFF85CA044B12046FFF7F8FD74
:101EC800044618B94FF0FF384FF0FF39FFF742FFCB
:101ED800064628B9B5B942464B46504605F06CFD52
:101EE8003546E9E74FF0FF384FF0FF39D2E72B6866
:101EF8009B691BB100222846114698471035BD4200
:101F0800F5D3E8E7054DFAE7080000007011012055
:101F180078110120D4010120E0CD0008D0CD0008BF
:101F280013B5184807F00AFE174B1B7873B1EFF387
:101F38001184102383F31288BFF36F8FFFF70AFF12
:101F480084F31188BFF36F8F02B010BD0F4B1B686D
:101F5800002BF9D050B9002200230D48CDE9002309
:101F680042F21072002306F0C9FBEDE70928EBD115
:101F780007480AF041F9074802B0BDE8104005F0EB
:101F8800F5BC00BF78110120CB170120701101208A
:101F9800E0090120D4010120064B10B504461B6856
:101FA80098472146A060044807F052FCBDE810405D
:101FB800FFF7B6BF04000120F4000120044A054BD6
:101FC8009B1AB1EBD30F34BF52F831000020704791
:101FD80048CD0008D0CD00080B4800210B4B1B1A38
:101FE800043030B5DB080A4C994200D130BD10F8F6
:101FF80031200131256802F0070225F007052A4340
:1020080044F8042BF0E700BF48CD0008D0CD000805
:1020180038010120F8B50B4F06460B4D0024ED1B87
:10202800ED08AC4203D14FF0FF342046F8BD57F815
:10203800340020B13146FEF77DFA0028F5D001348E
:10204800EFE700BF48CD0008D0CD000800282DE9F3
:10205800F047884615461F461DDADFF898904FF07E
:10206800000A254E5446A6EB09063609B24509F181
:10207800100902D12046BDE8F08759F80C0C3B4600
:102088002A46414600790AF1010AFFF7DFFF844238
:1020980038BF0446EAE7194B194AD21AB5EBD20FF2
:1020A80025D203EBC5031C79BC4228BF3C46C0B20D
:1020B8000722144E002100EB400056F825308240DC
:1020C80023EA020304F0070282401343032223FA9F
:1020D80002F0033200F00700814238BF01461E2A91
:1020E800F5D123F007030B4346F82530C2E7002457
:1020F800DDE700BFD0CD0008E0CD000848CD0008DE
:10210800D0CD000838010120F8B5094D0646094B25
:102118000F460024ED1AED08AC4200D3F8BD22B2F8
:1021280001343B4600213046A4B207F02FFDF3E707
:10213800D0CD000848CD000838B50B4B0D461146E8
:102148004268C31A04461B1101331371436899711D
:10215800FFF7DAFF636801221D6063685A71BDE802
:102168003840FFF761BD00BFD0CD000870B14168AD
:10217800097973B1002A17DBCBB20C4903EB43038F
:1021880051F82200D84000F0070070474FF0FF31A7
:10219800EFE707490748401AB2EBD00F3ABF01EB07
:1021A800C201087918467047042070473801012099
:1021B80048CD0008D0CD00082DE9F04F8FB0C1F30D
:1021C8004A280D46914604AF0C0DB8607B60B8F103
:1021D800000F67D0002607F114034FF0040B4FF0EF
:1021E8000A0AC7F80C8032467E624846C7E9076685
:1021F800019307F11C03CDF808B0CDF800A0F968E9
:10220800FFF700F9B0F5006F034620D32A480368AA
:1022180013F0060F17D06C468AB0D9F8041004AB37
:10222800264D1A46C3E9055140F2FF71D9614FF4B2
:1022380000711984224B42F8103F4FF41251334673
:10224800FFF7BAFFA5462C37BD46BDE8F08FC0F3AF
:102258000A0804F117003B60184468F3532520F07E
:1022680007008008FFF75AFD044690B13B6800F16B
:102278001001144A4846F961C7E9083607F1140302
:10228800CDF808B0CDE900A307F11C03F968FFF702
:10229800B9F868F353257B68B96820462A4607F0E1
:1022A8009FFCD0E704F1170020F007008008FFF733
:1022B80035FD0446EDE700BF5001012077E4000832
:1022C80004000001BD9B00082DE9F04F87B00446CB
:1022D800934698460391DDE91279DDE9105ADFB19A
:1022E8003B46524610210020CDF80090CDF81490BE
:1022F800FEF7B6FEB0F5006F06460ED31C4803681D
:1023080013F0060F30D040F2FF731A4A022107B0CB
:10231800BDE8F04F07F0BDBC3E4604F0070405F1E8
:1023280017000BF0070BE400304444EA8B1420F04C
:10233800070044EA4624800844EA0554FFF7EEFC07
:10234800054640B13FB13B46524631461030CDF8C4
:102358000090FEF785FE434622460399284607B0BB
:10236800BDE8F04F07F03CBC07B0BDE8F08F00BFF8
:1023780050010120B6E40008406820B1034BC01AA0
:1023880040F38F0070474FF0FF307047380101204D
:102398000EB403B503AB0146054853F8042B01936B
:1023A80003F016F902B05DF804EB03B0704700BF04
:1023B800FD9C0008CA0605D48B064CBF0249034998
:1023C800FFF7E6BF704700BF5EE70008EEE40008CD
:1023D8002DE9F04F89B09B4604460D46149B904664
:1023E8009DF84CA00693159B179E0593169B049386
:1023F800BAF1000F00F09D8006F4807306F0020920
:10240800079307F0C1FB024600283ED091492046B9
:10241800FFF7BEFF0746B9F1000F08D016F0440FCA
:1024280035D12A468C492046FFF7B2FF074406F00B
:10243800010353B1894B2046894953F82A20894B17
:10244800002A08BF1A46FFF7A3FF06F48073002B83
:1024580049D006F00803002B63D1B8F1000F66D00D
:10246800424681492046FFF793FF0546069B3D44B7
:10247800002B6DD1049B002B73D1F30700F1E4808E
:1024880031462046FFF796FFD8E00746C3E7774B6B
:1024980018680028CAD0764B4FF47A794FF46161F6
:1024A8004FF03C0C1B68B5FBF3F5B5FBF0F300FBF4
:1024B800135509FB05F5B3FBF1F2B5FBF0FE01FB83
:1024C800123100FB1E55B1FBFCF309FB05F50CFBB3
:1024D8001311B5FBF0F5009120466649CDE901E5F9
:1024E800FFF756FFA2E706F00803EBB1624B204660
:1024F800624953F82A20FFF74BFF0546B8F1000F51
:1025080005D0424658492046FFF742FF0544BBF133
:10251800000FABD05A465A492046FFF739FF054409
:10252800A4E74FF0000BE1E706F00805E6E74546AB
:102538009CE7BBF1010F069B06D1002B64D1049BDD
:10254800002B7BD000250CE0002BF8D04D485CE038
:102558004D48069B22464D4906F07EFF049B002B02
:1025680068D0DFF82C81DFF82C91049F4FF0000B26
:1025780031462046102F28BF1027FFF71BFF5D4567
:1025880045DC059B4FF0010B494620461A78FFF7BA
:10259800FFFE1BF0070F03D141462046FFF7F8FE68
:1025A8005F453BD9059B4946204613F80B20FFF7AA
:1025B800EFFE0BF1010BBBF1100FEAD14FF0000B4E
:1025C80035492046FFF7E4FE5A46059B20469A5CAB
:1025D800A2F120015F29314928BF2E22FFF7D8FE3A
:1025E8000BF1010BBBF1100F1DD01BF0070F03D12E
:1025F80041462046FFF7CCFE5F455A46E5D841469E
:102608002046FFF7C5FEEBE71F485546A1E74146C0
:1026180020460BF1010BFFF7BBFEB0E7204920462F
:10262800FFF7B6FEC5E7059B3B440593049BDB1B00
:1026380004939AD1BAF1000F7FF41FAF204609B076
:10264800BDE8F04F07F049BB064A20460449FFF7AA
:102658009FFE15E7F6E40008FAE40008C0CF00087A
:10266800CBE90008F1E400081FE500088411012007
:102678008011012003E50008D4CF000823E50008F5
:1026880029E50008339D0008FD9C0008D95500087D
:10269800D3D900082EE5000834E50008DCEF00086F
:1026A800D1D9000842F20F73114A8B4273B5044620
:1026B80028BF0B4605680521684606F0F7FA6368E7
:1026C8000646042228465B680A4907F0F8FA636858
:1026D8003246694628465B6807F0F1FA63681722B4
:1026E80005495B68284607F0EAFA02B070BD00BFEA
:1026F80043FC00084EE5000836E5000800210123E8
:10270800064A904206D8064A01B901231360054BD0
:1027180018607047400801215B00F2E740420F0053
:102728008011012084110120014B036002207047B1
:10273800E8CF000808B5034A0821034B07F09BFCC3
:10274800002008BDA4E500089EE5000810B5044671
:1027580004F0F2FC084A03460821204607F08BFCE7
:10276800064A2046082107F086FC2146044805F061
:10277800C7FD002010BD00BF39E6000858E6000874
:102788008D270008F0B59BB004460D46D0F8AC6024
:1027980009F08FFB384B024609F0CEFF195828463E
:1027A800364B002A18BF1346354ACDE90043354B4E
:1027B8008C4218BF1346344A082107F05CFC0821F4
:1027C8002846D4E90A23CDE9022394F90E302F4A8A
:1027D8000093237B07F04FFC202212A9204605F026
:1027E80021F9626F0346082128460092284A07F01B
:1027F80042FC06A9204609F073FB18BB0CA809F097
:1028080079FB10BB069F6421DDF81CE0A7FB010CD7
:10281800DDE90C2301FB0EC1FDF722FD3B460090CC
:1028280008211C4A284607F026FC05A9204609F07D
:1028380050FB034678B1184A0821284607F01BFCCC
:102848001BB0F0BD0CA809F055FB144A0821284616
:1028580007F011FCE9E7059A64232846B11A4B43AF
:10286800B3FBF6F3CDE90021CDE902630C4A334608
:10287800082107F000FCE3E70800000062E6000812
:10288800D3D90008B3F9000865E6000871E6000826
:102898009DE60008B4E60008FCE60008D9E6000852
:1028A80029E70008F0B593B0002504461C220AAFBA
:1028B80029460BA8154E09F02FFF1A222021384669
:1028C80009F02AFF2146124805F01AFD09AA4FF41B
:1028D8000061304609F0F1FA099964224FF4006367
:1028E800C1F500604243D20ACDE90403CDE90231C3
:1028F80020460692A6F14003064A0821CDE9005772
:1029080007F0B9FB284613B0F0BD00BFC03801205E
:10291800FD29000860E7000810B5044604F02AFC09
:10292800034A03460821204607F0A5FB002010BDF6
:10293800A9E700082DE9F34117460023044601AA38
:102948000A21B868019301F065FB019DC6B255B133
:102958002B46154A0121204607F08DFB019D28468C
:1029680002B0BDE8F081042E0AD933460F4A01218E
:10297800204607F080FB2046012507F0B6FBEEE76E
:102988007868FFF747FBB0F1000805DA7B6801219A
:10299800074A204607F06FFB002133460FFA88F2FA
:1029A800084607F0F3F8DAE7BFE70008E6E70008AB
:1029B800FDE7000837B51346002205460A210192B3
:1029C80001AA586801F026FB019C4CB920EAE07086
:1029D8000A2180FB010105F0B7FB204603B030BD9A
:1029E8002346034A0121284607F045FB019CF4E7EA
:1029F8001CE80008F0B5044689B00D46D0F8AC6074
:102A080007A909F066FA034630B1104A082128469A
:102A180007F031FB09B0F0BD20460D4F09F049FA27
:102A2800079A6423002818BF0746B11A28464B4363
:102A3800B3FBF6F3CDE90221CDE90463054A234649
:102A48000821CDE9007607F016FBE3E7FCE600086D
:102A580062E600083CE800082DE9F04387B0054627
:102A68001A4F6846DFF8688004F036FC1423009E8D
:102A78000821184A03FB0066284607F0FCFADFF82D
:102A88005890009CB44203D3002007B0BDE8F083FF
:102A980023680BB11A7832B923463A46142101A8A3
:102AA80006F004F901AB42460821284607F0E3FA8C
:102AB8002046143409F09DF9084B094A08210028DA
:102AC80008BF4B46284607F0D6FADBE7C4E90008FA
:102AD800C9E90008BAE90008B1E90008ABE900084B
:102AE8003BF000088B1E022B2DE9F0410746884673
:102AF800144637D810220021606806F079F9B8F139
:102B0800020F064607D12023254A0821384607F038
:102B1800B2FA336816E00A220021A06806F068F9C4
:102B28001F4AC5B2082138462B4607F0A4FAB8F167
:102B3800040F1AD0102D0DD0202DEAD0082D0CD15D
:102B48003378DBB2174A0821384607F094FA002098
:102B5800BDE8F08133889BB2F4E7134A0821384670
:102B680007F089FA6FF01500F2E710220021E068FB
:102B780006F03EF90D4A034604460821384607F098
:102B88007AFA102D06D0202D07D0082DE5D1E4B211
:102B98003470DCE7A4B23480D9E73460D7E700BFEB
:102BA80002EA00082DEA000817EA00083EEA0008D1
:102BB8002DE9F04F4FF0FF35584B91462026012262
:102BC8002C46DFF85CA185B0074688461A6002F0FB
:102BD8002DFD49465246404602F04CFD411C07D1A6
:102BE8006A1C52D14F4A0121384607F044FA1DE0C9
:102BF800732820D0772833D0612817D1DFF828B17F
:102C080010220021DBF8000006F0F2F80546002843
:102C1800DFD1464B09F090FD1B58162BD9D1DBF8B4
:102C28000030434A0121384607F025FA6FF01500B5
:102C380005B0BDE8F08F0022DFF8ECB01146DBF8F4
:102C4800000006F0D5F804460028C2D1374B09F039
:102C580073FD1B58162BBCD1DBF80030354AE1E771
:102C68000022DFF8C4B01146DBF8000006F0C0F817
:102C780006460028ADD12D4B09F05EFD1B58162BDA
:102C8800A7D1DBF800302C4ACCE7631C01D12B4AD2
:102C9800A9E75FFA86F8C6F3C406002C3CD06B4659
:102CA8002946A6EB050C1A460CE0B8F1100F1DD00A
:102CB800B8F1200F20D0B8F1080F2AD10878187081
:102CC80031443344A64203D80CEB01001028ECD958
:102CD800102CA1462946384628BF4FF01009103558
:102CE8004B46A4EB090401F061F8D6E7088880B2E6
:102CF8001870000A5870E3E708684FEA102E187039
:102D080083F801E04FEA104E000E83F802E0D87015
:102D1800D6E70B4A082167E7204689E774000120B7
:102D28008CEA000893EA0008401501200C00000016
:102D380052EA000865EA000878EA0008B0EA0008E4
:102D480017EA000870B5104E04460D46337881B175
:102D58002BB10E4A0121BDE8704007F08CB9012360
:102D680033700B4A0821204607F085F90123337098
:102D780004E083F001033370002BF2D1294620468A
:102D8800BDE8704007F0CEB9CC170120CAEA0008A8
:102D980005EB000870B504463C480378182B02D1AF
:102DA8000B78112B31D0013A0B468D18AB4225D147
:102DB8008B5C0A780370A2F13003354C092B04D9D7
:102DC80022F02003413B052B04D823683149CA541B
:102DD800013323602368022B34D1102200212D48AF
:102DE80006F006F82C4A136803F8010B13602B4A07
:102DF8001368013313600023236023E013F8016B89
:102E0800182ED3D11E78112ED0D1244D0821244A52
:102E180020462B6807F02FF920460021FFF792FF84
:102E2800204B187870B9204A2B681168042B0ADCEB
:102E380008B111602B6013F003010BD112681368FD
:102E48001BBA136070BD0868043B00BA41F8040B54
:102E58000120EBE75B4203F0030358BF5942022904
:102E680004D1126813885BBA9BB2EAE70329E9D157
:102E7800106802681104C2F3074302F47F4201F4A8
:102E88007F010B4313430360DCE700BFCD1701202C
:102E980088110120CF170120941101208C110120E5
:102EA8002FEB0008CE170120901101202DE9F84FD3
:102EB80000230C462A490646DFF8A88015460B6011
:102EC800DFF8A4902949DFF8A8B088F800300B6033
:102ED800012C2F4655F804AF1ED902224946504608
:102EE80009F057FB80B99AF80220003A18BF01226E
:102EF800924420490222504609F04BFB30B9012385
:102F080088F80030013CE3E70022F1E749465046E3
:102F1800FDF710FBA8B9043700227868114605F0C0
:102F2800F1FE0022144B11461860786805F0EAFE9D
:102F3800124B134918603046FFF704FF0020BDE824
:102F4800F88F9AF800202D2AE6D19AF80120002A55
:102F5800E2D053465A460821304607F08CF8D1E7AC
:102F680088110120CE17012049EB00088C1101209F
:102F78004FEB00084CEB0008941101209011012040
:102F88009D2D000807B50A4808F033FF60B10423F7
:102F9800084A0749009301231268074800F078FFA0
:102FA800002003B05DF804FB6FF01200F9E700BFE2
:102FB80050C90008A8D10008E0CD000810B5446841
:102FC800A3604023C4E9001242680821D36402F1D7
:102FD8005803D16202F1500113630023146853634C
:102FE8001364116153611362C2F8D030C2E90E3321
:102FF800C2E91133C2E90633C2E90933A36823B130
:103008009B6C13B1044920469847A3689B6A0BB18F
:1030180020469847002010BD253000082DE9F743C9
:1030280004460D4683685B6C03B19847A3685B6BE5
:103038000BBB4FF0000905F13008EA6C01A94046C6
:1030480006F0C1FC0746002836D0A36801999B69A1
:103058003BB3024620469847064628B331464046C9
:1030680006F0D1FCB7424FF00109E6D0D5E90131AD
:103078000020984703E0204698470028D9D1A36844
:103088005B6A63BB05F11007EA6A01A9384606F0D6
:10309800EEFC064650BB204606F0A3FEC5F8D060FD
:1030A8002FE06FF05706D9E70146404606F0ABFC23
:1030B800B9F1000FE3D0D9E71648036813F0060FFB
:1030C80003D0154A022106F0DBFDA3689B69002B9B
:1030D800EED001220DF1030120469847E8E720468B
:1030E80098470028CED103B0BDE8F083A3680199C2
:1030F8005B695BB10246204698470146384606F0B0
:10310800D5FC0120D5E901319847ECE76FF057016C
:10311800F4E700BF6C010120B0EC000810B581682D
:103128000446183101F0AAF9A1682046024A18316C
:10313800BDE8104001F048B9F1EC000838B58368E3
:103148000446D3F87832DB071DD4C06907F0F9FCD0
:10315800606803685B689847054620B9E06807F02F
:10316800C4FEA3681D75A3685B6C13B1294620468D
:103178009847A368002209F0DFFAC3F82023034B1D
:10318800185801F045FF6FF00F05ECE70800000044
:10319800014906F0CABE00BF5EE70008F7B504465D
:1031A80080680D46D0F878325A0705D5002106F018
:1031B800DEFEE06807F06BFEE368DB6873B9002D9C
:1031C8003BD0A66806F15607384606F0A8FE002848
:1031D80035D0394606F5AB70FDF7B6F9A2680DF1A2
:1031E80006032946E068563207F054FE58B9A0682D
:1031F80000F5AB715630FDF7A7F9A068563006F018
:103208008EFEADF80600204607F07CFAA368D3F8D6
:1032180074329B0603D50B49606906F086FE20468A
:1032280000F060FFA268BDF806302046A2F85230D0
:10323800A268A2F8503007F0CBF903B0F0BD86F8C9
:103248005601CBE774CE00082DE9F04FA7B004462D
:103258005422002111A809F05FFA00232046CDE985
:103268000533A3685633029307F053FA204607F054
:1032780098F910B96069FFF78BFFA0681422002144
:10328800002618304FF0FF3709F046FA204607F0BD
:1032980030F9A168E068B246B1F850200DF1440851
:1032A8005631B3463546B14607F02BFE204607F0A7
:1032B800AAFE0396DDE90532012A6DD0132B6ED8DC
:1032C8005FBBBBF1000F0AD0204607F0BDFEA26825
:1032D800142311A956320DEB030006F089FFB9F14A
:1032E800000F0CD099F81130FE2B08D1059B26AAA7
:1032F80002EB830252F8542C0AB101330593A068FB
:10330800059D436A002B40F0B680CEB1C3699E424A
:103318002DD000F118050D9624E00223029A4146AB
:1033280006A806F065FFD8F804200699034602921D
:1033380031B101290AD148B16D4A204607F09AFAFD
:103348006FF00705284627B0BDE8F08F059B002BD6
:1033580034D0D8F8000001F0B1F898B166B1A5688A
:103368000D9618350CAE0FCE0FC533682B6020466E
:103378000125FFF7D3FEE5E75E4A0121204607F065
:1033880079FADDE7059BCBB1D8F80020294620461D
:1033980001F042FA022809D1059B132B91D9069B0B
:1033A800022B8ED1544B0121544AC6E7032805D07D
:1033B800059B4FF0010B013305937BE7039B33B962
:1033C80007AAD8F80010484607F009F8054608F19A
:1033D8000408013F9DB3EB68BBF1000F08D0F3B1BF
:1033E800204607F096F9204607F0F2F8444AC4E769
:1033F800ABB1A368AE46DDF814A003F1180CBEE823
:103408000F00ACE80F00DEF80030CCF80030AB68F5
:103418002BB96B7CFE2B04BF2F7C07F1FF37D5F847
:1034280004C0BCF1000F08D0AE460CAEBEE80F00D9
:103438000FC6DEF8003033606646A94603E0059BF8
:1034480053B101230393069B17B9022B7FF432AFC4
:10345800059B013305932DE7A368DB6A13B1DB688D
:10346800002BEED1274B0121274A20460093119BC0
:1034780007F000FAE5E790F82830A5EB0A05BBB19C
:1034880090F829104FF6FF72FF2918BF0A469D428F
:1034980002D313449D420BD9836901211B4A20465C
:1034A80007F0E8F920466FF01505FFF737FE49E702
:1034B800012106F051FDA06800F5437006F070FD8B
:1034C800A36811AA29465B6A204602EB8A0298473C
:1034D8000546A0684FF0FF324FF0FF3300F5437008
:1034E80006F005FD0021A06806F036FD2AE700BFBA
:1034F800FFEC000813ED000874ED000829E100084E
:1035080031ED000860ED00084FF0000898ED000864
:1035180010B50222836804461A7583689B6CBBB990
:1035280006F0BCFC8368D3F87832DB040BD50321A2
:10353800084B094A07F09EF9A0686FF4805100F51E
:103548001E7006F0C5FC2046BDE8104000F01EBF06
:1035580010BD00BFB3ED0008CBE900082DE9F04F1E
:1035680004468068B1B0012100F51E7006F0A1FC88
:10357800A3681B7D022B20D100230993A3686068F0
:103588009E6C03681D6909AB0EB310221BA9A847DE
:10359800099B93B10121A06806F0DEFC099A1BA9DA
:1035A8002046B0470021A06806F0D6FCA3689B6CB3
:1035B800002BE3D12046FFF7ABFFA0686FF00101B5
:1035C80000F51E7031B0BDE8F04F06F081BC012255
:1035D8000DF12301A847099B002BEED09DF923206C
:1035E8009DF82310002AA368C8DB5A7D032A00F23D
:1035F8009882DFE812F0040085029C0296020D29E9
:103608007CD00A2958D0B3F8782209296FF3CA0266
:10361800A3F87822A06800F086803DD80029ADD0B4
:10362800082900F0FC810346D3F874229207A5D537
:1036380001391629A2D801A252F821F0D93B000875
:10364800613A0008693A0008593A0008CD3B000879
:10365800873A000885350008853500088535000853
:10366800853500088F3A0008973A00088535000824
:10367800C13A000885350008CB3A000885350008AE
:10368800853500088535000885350008CF3A0008DB
:1036980085350008F93A00081B2941D07F2900F038
:1036A800CA81A1F1200203465E2ABDD8012106F095
:1036B8005EFC9DF82310B9E0D3F87822C2F3C70264
:1036C8002AB1D3F87822C2F3C7020A2AACD1B3F8D8
:1036D800782261F3CA02A3F87822A568B5F85010D9
:1036E800C1B9284606F043FCE06807F0D0FB6069E2
:1036F800FFF74EFD2046FFF70BFF3FE7D3F8782290
:10370800C2F3C702002AE2D0D3F87822C2F3C70274
:103718000D2ADBE72046FFF797FDC5F82403E9E704
:10372800012343752AE7D0F874329B077FF526AF4B
:10373800012106F01CFCA068B0F85030FF2B3FF4C4
:103748001DAFB0F8522000F1560100F5AB7000250E
:1037580008F0BAFFA3681BA90BA8B3F852201344BA
:1037680083F856511423A26802F5AB7206F040FDA7
:103778000B9914293FF602AF30AB03EB810343F8F2
:10378800545CA368B3F85220002A53D0134493F82A
:103798005530202B02D0093B042B4BD800294CD1A3
:1037A80000250A9530AA0A9B002602EB8303B3463C
:1037B800B04653F854AC3746504606F0B0FB814645
:1037C80016AA3946284600F0EBFB0346002840D1EC
:1037D800012EA76865D130AA0A9B02EB830353F830
:1037E800540C06F09CFB07F1180206464146284691
:1037F80000F0D6FB0568284606F091FB864205D006
:10380800821BA919204692B207F07BF8A068B0F88D
:103818005230034493F85630202B31D0093B042B07
:103828002ED9D0F87432DF072FD42021204600F09B
:1038380075FDA3E60129B3D9013900200CAB1BAAF9
:1038480000930AAB019006F0F6FD05460028A9D1C1
:1038580094E61B684A4651461846039308F099FEB9
:1038680060B9039B1846FCF777FE584538BF5846A1
:10387800002E08BFB84601361FFA80FB01379FE7C4
:103888000121204606F0D8FE78E6002106F079FBF3
:103898002021204600F042FD0121A06806F071FBBE
:1038A8006CE604907FF66AAE30AB0A9AC14603EB29
:1038B800820252F8543C1846039306F030FB049BEE
:1038C8000590A7F840300496A2684946284609F1B1
:1038D8000109183200F064FB039BD0F800A04BB13B
:1038E800BAF1000F06D0059A1946504608F051FE65
:1038F8000028E9D1A168BAF1000F4ED1A1F840A083
:10390800049B013B0493DFD1606908F1010AFFF7CA
:103918003FFC204600F03AFD30AA0A9B02EB8303E5
:1039280053F8540C06F0FBFA414611AA8146284682
:1039380000F036FB0746A068FF22396800F5AB7037
:1039480008F039FE3B684FF6FF770393B84616AA8E
:10395800514628460AF1010B00F022FB002852D0FC
:10396800A1680022036801F2551111F801EF985C73
:10397800704503D110B101324245F6D1B9F1000FBB
:1039880001D04A4507DBBA4206F1FF36A8BF3A46DE
:10399800012E97B237D0DA46D9E79948069106F052
:1039A800BEFA069900EB0B074A8FBFB20791121AAD
:1039B800504692FBF7F292B2069206F0B0FA0799D7
:1039C8003F1A069AB1F84000BFB200F1010CA1F805
:1039D80040C0B0FBF2F102FB110080B260B9884B25
:1039E8000621884A2046CDF800A006F043FF394654
:1039F800204600F061FB83E75346834A06212046B0
:103A080006F038FFF3E7002F3FF4B8ADA7EB090243
:103A18000399204692B2494406F073FFAEE5D0F808
:103A280074329E077FF5AAAD012106F0A0FA204660
:103A380006F088FFA2E5D0F874329D077FF59EADA9
:103A4800012106F094FAA368D3F874321907EED46A
:103A5800204606F058FF91E5204606F063FE8DE506
:103A6800204606F056FE204606F09BFD10B9606918
:103A7800FFF78EFB0121A06806F079FA3AE62046A6
:103A880006F059FE7AE5204606F060FE76E5D3F8A2
:103A980074329B0603D55D49606906F046FAA3684F
:103AA800D3F874329F0603D55949606906F03DFA88
:103AB800204600F06BFC61E500212046FFF76EFB15
:103AC8005CE50121F9E7204606F01CFE204606F0D9
:103AD800E5F90121A06806F04AFAA368D3F8743220
:103AE8009E067FF54BAD4B49606906F01EFA45E529
:103AF800204600F071FB0121A06806F038FA3DE588
:103B08005B2902D102225A7538E5D3F874329D0731
:103B180006D5622907D14FF0FF31204606F0B4FDE3
:103B2800A3680022EFE76629FAD10121F5E7002210
:103B38005A75A268D2F8743298077FF51FADA1F1C3
:103B480031031B2B3FF61AAD01A151F823F000BF3A
:103B5800D53B0008E13B0008F53B0008C93B0008DD
:103B68008535000885350008853500088535000845
:103B78008535000885350008853500088535000835
:103B88008535000885350008853500088535000825
:103B9800CB3A0008C13A0008873A0008613A0008A1
:103BA80085350008CD3B000885350008D93B00085D
:103BB800853500088535000885350008E53B00088F
:103BC80003235375204606F0A4FDD7E40323537559
:103BD800204606F097FDD1E403235375A068D0F87A
:103BE800741201F0010181F0010157E603235375B6
:103BF800A368D3F874329B077FF5C0AC28E700BFF1
:103C0800D2D90008F7ED0008CBE9000879CE000802
:103C18007ECE000874CE000810B5836804461A7D6D
:103C2800012A2BD1D3F87822510408D5D3F874226D
:103C3800520704D40146DA6CC06906F06BFFA0682D
:103C48004FF0FF324FF0FF3300F5437006F04FF9A5
:103C58002046082100F082FA206806F060F918B1C1
:103C68000849606906F061F92046FFF751FCA06831
:103C780000F5437006F094F9002010BD6FF0850040
:103C8800FBE700BF5DE700082DE9F04104468068C6
:103C9800154600F51E70002937D04FF4804106F014
:103CA80008F9A3680021DD64606803689B68984789
:103CB80000284BD12046FFF7AFFF002846D1244EFD
:103CC800244FDFF89480A06800F52F704FF0FF3282
:103CD8004FF0FF33032104F04BFD0546A0684FF079
:103CE800FF324FF0FF3300F543709DB106F0FFF847
:103CF80020462B46194A012106F0BCFDA068BDE804
:103D0800F04100F5437006F04BB96FF4804106F0BE
:103D1800DFF8C6E706F0EBF832460221204606F047
:103D2800E8F83A462946204606F0E3F82046424697
:103D3800012106F0DEF8606803685B6903B1984703
:103D4800A06800F5437006F02BF9BCE7BDE8F081E8
:103D58004531000865350008AD9F0008FDED0008F5
:103D680010B504460C4A082106F085F920460B4A8E
:103D7800082106F080F92046094A082106F07BF957
:103D88002046084A082106F076F92046064A00210E
:103D980000F01AFB002010BD14EE000852EE0008D7
:103DA800B1EE000805EF00089FEF0008F8B51E46C1
:103DB80017460B462F4A0821044606F05CF96EB3F5
:103DC80001253B782C4A0821204606F054F96A0759
:103DD80004D12A4A0821204606F04DF9AE4223D9DB
:103DE8007B5D0821244A204606F045F90135102D4F
:103DF800EDD1234A0821204606F03DF9D6B9012520
:103E08001E4A0821204606F036F9AE422B4613D842
:103E18001A4A0821204606F02EF918E00125194A09
:103E28000821204606F027F9164A0821204606F000
:103E380022F9DBE700252B46FB5C08212046A3F18D
:103E480020025F2A104A28BF2E2306F014F90135F4
:103E5800102D07D06B07D8D1084A0821204606F054
:103E68000AF9D2E72046094A0821BDE8F84006F0D9
:103E780002B900BFB5EF00082EE50008D3D9000845
:103E880034E50008D1D90008DCEF0008BCEF0008D1
:103E98002DE9F04304468068884689B0D0F820139D
:103EA80015461F46002960D14FF44A7208F034FCC9
:103EB800E06807F08EF8A06800F543704FF42F799A
:103EC8004FF41F7607F0D8FFA068304408F0F6FAE0
:103ED800A0680022012183191036484409F1140909
:103EE80008F0C3FAB6F52F7FEED1A36900260221A8
:103EF8001E6066F38205A06800F51E7005F0D9FF04
:103F0800A368502220465A871822A3681A87216876
:103F180006F0BEF8A368164A4146C3F874526068B2
:103F280003681D682346A8470546D0B9A36801223F
:103F38001A75D4E90A010022002304950094CDE9FA
:103F480006230E234FF400620393109BCDE90173FF
:103F5800084B03F039FEA368C3F82003616A03F035
:103F680051FD284609B0BDE8F0836FF07705F8E702
:103F78004D9F0008913C000810B5044613460A46B8
:103F88000146064801F024FB23691B7923B120462A
:103F9800BDE8104006F0CCB810BD00BF51A1000824
:103FA80038B50B46154648B91449154A521AB3EBA9
:103FB800920F05D251F82350284638BD84680CB9B1
:103FC8000025F9E70F4A94420AD30F4A944207D2D0
:103FD80018462268294690472B68002BECD1EFE75A
:103FE8000A4A944202D30A4A944205D32468142206
:103FF8005343E518E358F0E70133F8E710CE00081B
:1040080044CE000858CE000858CE000844CE000818
:1040180058CE0008F7B516460278002304462D2A24
:10402800019305D16FF015030020336003B0F0BD94
:104038000C4F08F081FB05460A46C35101A92046EA
:1040480004F0D6FEEB59222B02D16FF02103EBE7E7
:10405800002BE7D1019BA342E4D01B78002BE5D0CD
:10406800E0E700BF0C0000008368D3F874329B06B9
:1040780003D50249406906F076BA704784CE000835
:10408800014906F070BA00BF5EE700080A1E0DDCA1
:104098000ED042238168D1F87412890608D5002A07
:1040A80004494069B8BF524206F05DBA4123F1E7BE
:1040B800704700BFD8EF00080A1E0DDC0ED044235D
:1040C8008168D1F87412890608D5002A0449406924
:1040D800B8BF524206F047BA4323F1E7704700BF22
:1040E800D8EF00082DE9F04785680446DFF86490AA
:1040F80005F15600FCF730FA002386B295F83C70BB
:104108009846A268558FED1BB54209DB002E1FDDCE
:104118005633606910491A44BDE8F04706F023BADF
:104128001D44563349462A4492F856A082F85680D0
:10413800A26860691A4406F016FAA3682B4483F84B
:1041480056A0A3685B8FDB1B0027F61A2B46D8E71F
:10415800BDE8F08729E10008CBE9000808290A46EC
:1041680017D8836893F83E10914212D083F83E2006
:10417800082A8368D3F8743205D0990609D5054909
:10418800406906F0F0B99B0603D50349406906F07B
:10419800EAB97047DFEF000889CE000838B50D4648
:1041A80009780446FFF7DAFF6A78072A11D8A36866
:1041B80093F83F1091420CD083F83F20A368D3F8BE
:1041C80074329B0605D560690249BDE8384006F09F
:1041D800CAB938BDE8EF0008F8B583680446B3F8F3
:1041E8005020002A55D0B3F85210002951D055312B
:1041F80003F156050B441846A84206D3014611F8A8
:104208000169202E3CD0A8423CD286B2471C9DB200
:10421800AB1B9BB2591CD21A0144384608F062FA0B
:10422800A268711B2046B2F8503013FA81F309B224
:10423800A2F85030A368B3F850201344002283F842
:10424800562006F0F9F9A368D3F874329A0603D514
:104258001049606906F087F93B460F4A0821204655
:1042680006F008FB2046FFF7FFFEA368D3F8743278
:104278009B060ED560690949BDE8F84006F073B998
:104288000846B9E7014611F80169202EBDD0084655
:10429800B9E7F8BD8ECE0008CBE9000892CE000839
:1042A8002DE9F04104460D4617460AB1FFF7DCFE3A
:1042B800A368B3F85220D3F87412563213444A074D
:1042C80021D51846DFF84C80FCF746F90646A6B912
:1042D800A368B3F85020A3F85220A06806F050F95C
:1042E80020B107B115B16069FFF7CAFE69422046DF
:1042F80009B2BDE8F04106F09FB941466069013E48
:1043080006F031F9E3E7044A0821204606F0B2FA3C
:10431800DEE700BFB3F90008CBE9000813B58368EE
:1043280004468DF80710D3F87422D00725D5B3F8C2
:104338005210B3F850208A421FD0481C9DF807201D
:10434800A3F852000B4483F85620A368D3F87412DC
:10435800890710D5D3F87432606913F0040F0A493D
:1043680018BF2A2206F0FFF8204606F01AF910B105
:104378006069FFF785FE02B010BD01220DF107014B
:10438800204606F084FAF6E7DCEF000810B504468C
:104398008368094A022106F06DFAA368D3F87432DB
:1043A8009B0707D52046FFF79DFE2046BDE8104035
:1043B80006F01DB910BD00BFCBE90008014906F0A1
:1043C80035BC00BF5EE700082DE9F04F0E4600211E
:1043D80089B0044617460D4603AA304601F1010884
:1043E800FFF7DEFDB0B995B127B13A46082120465E
:1043F80006F040FA00211E4FDFF87890DFF878A029
:1044080003AA304601F10108FFF7CAFD60B909B0F7
:10441800BDE8F08F006810B1FCF79EF880B28542C5
:10442800414638BF0546D7E703688BB11A787AB199
:10443800D0F804B04A4608212046CDE900533B464F
:1044480006F018FABBF1000F04D16069FFF7B6FF58
:104458004146D5E7524620463B46082106F00AFA6F
:104468006A1D5946204692B206F0EDFBF0E700BF00
:1044780006F00008F1EF000829E50008F7B50F6815
:1044880005460E46A7B13846FCF766F884B2094BD4
:104498002846094A082100933B4606F0EBF9E21C3E
:1044A8007168284692B203B0BDE8F04006F0CBBB75
:1044B8003C46ECE702F00008F8ED000810B50749A3
:1044C8000446FCF737F838B105492046FCF732F8BE
:1044D800B0FA80F0400910BD0120FCE7F8EF0008B1
:1044E800FBEF000810B583680446D3F874329B06C6
:1044F80003D50649406906F01DFCA3685022002038
:104508005A871822A3681A8710BD00BF96CE0008E4
:1045180008B583690821034A1B6805F0ACFD002033
:1045280008BD00BF09F000082DE9F3410F4A082132
:1045380005460F4C05F09FFD0E4E0023DFF838802E
:10454800B44203F1010703D3002002B0BDE8F081B3
:10455800626A9BB2082128460192303454F8282C0C
:104568000092424605F087FD3B46E9E719F000084E
:10457800E0CD000810CE000831F00008024908B567
:1045880005F086FD002008BD5FE700087FB50446FA
:1045980000250E4EA2680DF10E030121E06802F518
:1045A800AB7206F077FCBDF80E00A36850B103F5B6
:1045B800AB7332460821204600932B4605F05BFD7D
:1045C8000135E7E783F8560104B070BD42F00008F2
:1045D80010B5044605F09EFD034A0346082120460F
:1045E80005F049FD002010BD45EB0008022907B57C
:1045F8000DD15368012101930C4B009313680C4AA9
:1046080005F039FD6FF0150003B05DF804FB836811
:104618000821084AD3F8743213F0020F064B08BF7A
:104628001346064A05F027FD0020EDE755F000087F
:104638004CF0000854DF000842E900086AF000085E
:1046480010B583680446D3F874329A0603D507492F
:10465800406906F06FFBA368D3F874329B0603D554
:104668000349606906F066FB002010BD9DCE000876
:10467800A2CE00080129F0B5044685B00CD05368D5
:10468800012101935E4B009313685E4A05F0F3FC29
:104698006FF0150005B0F0BD8368D3F87432990641
:1046A80003D55949406906F045FB6FF0F9012046EA
:1046B800FFF7ECFCFA2120460025FFF7FDFCA06877
:1046C8004FF48072294600F5AB708DF80B504FF40B
:1046D8007A7608F021F84D49606906F02BFB60698D
:1046E80005F026FD606801220DF10B0103681F69C2
:1046F80003ABB847039BF3B9013E4FF47A7007F058
:1047080069FBB6B2002EEDD1A368D3F874329B06CC
:1047180003D53F49606906F00DFBA3685022204687
:1047280003215A871822A3681A873A4A05F0A3FC7E
:104738006FF00700AEE79DF80B20A3681B2A52D044
:1047480093F856111B29CDD1522A4CD15A1900235E
:1047580082F85631A66896F857215B2A2AD106F2C4
:104768005710022510F8011F2A4601353B29ADB222
:1047780023D1FF2AC8D002F5AB7216FA82F10022C3
:1047880011F8010F18BBFA2A86F85601A16828BF4C
:10479800FA22FA2B4A8728BFFA23A2681387A3684C
:1047A800D3F874329A0603D51949606906F0C2FA3B
:1047B80000206FE786F85631A6E703EB830330390C
:1047C800B5F5807F01EB43018BB2CBD19CE7013576
:1047D80002EB82023038ADB200EB4200B5F5807FC3
:1047E80082B2CDD190E72B440135ADB283F8562182
:1047F800092D7FF677AFA368002283F8562183E757
:1048080055F000084CF00008A8CE0008B5F00008E4
:10481800ACCE00087BF000082DE9F04F074689B0C0
:104828001546894621B1104606F0D9FB00285BD110
:10483800032455E05C463CE029460AF5AB7007F0D6
:10484800D6FE0646002854D0FBF786FE314682B2D3
:10485800601C08F101080132304407F043FF22468A
:104868005946304607F030FF4FF020033355BAF869
:10487800543001331C44AAF85440002401994B1CBD
:1048880003AA48460193FFF78BFB0646E8B10022CE
:104898003168284606F048FD0028EFD1D6F800B068
:1048A800D7F808A0BBF1000FC4D05846FBF754FE58
:1048B80084B2BAF854302344FF2BBDDD01242B46C3
:1048C8000D4A0321384605F0D5FFB8F1000F07D08F
:1048D800B8682A4600F1540100F5AB7005F058FDA0
:1048E800204609B0BDE8F08F4FF000080224414689
:1048F800C5E70224E9E700BF77F500082DE9F8438A
:10490800054600AF0C46002948D0DFF8B890D9F822
:1049180000305A0742D06E468AB0A3686A46D1E989
:104928000001DFF8A4C04FF00508C2E905C0C2E9DC
:10493800071342F8108F00234FF421514846FDF722
:104948003BFCD9F80030B5465B0727D08AB06369CD
:10495800D4E903016A46DFF874C0C2E90713C2E963
:1049680005C042F8108F002348464FF42151FDF747
:1049780023FCD9F80030B54658070FD0E369012168
:10498800134A484605F085F9D9F80030590705D08B
:10499800A369104A0121484605F07BF9012D0AD187
:1049A800EFF3058307480268520704D00A4A103B10
:1049B800294605F06EF92146284602F0ADFCBD46B1
:1049C800BDE8F88360010120C9F50008F8F5000882
:1049D80027F6000836F6000864F6000808B5034B09
:1049E8001B689847BDE8084000F026B84800012039
:1049F80030BFFFF7FDBF00BF2DE9F0410B4E054664
:104A0800DFF82C80324606EB0807CC1B0949204604
:104A180007F05AFEA019083C4246002107F07CFE28
:104A280007F10800C5F8B840BDE8F08100000000B3
:104A38000800000058CE0008074A936893F90E1042
:104A4800002907DBD269934204D0044A536843F033
:104A580080535360704700BF580F012000ED00E0FD
:104A6800F8B5374C06460D4623685B0703D0354931
:104A7800204606F0FDFA344B9B6ADF0451D52368C3
:104A8800580703D031492E4806F0F2FA17202E4B6A
:104A98009B6A190507D523685A0703D02C4928486B
:104AA80006F0E6FA1820284FBB6A9B0519D523683B
:104AB800580703D02749224806F0DAFABB6BBA6ACE
:104AC80011040DD52268520704D0234A01211C483D
:104AD80005F0DFF826B11C4A936A23F40043936279
:104AE8001920194B9B6A5B0507D523685F0703D01C
:104AF8001A49134806F0BCFA1A20134B9A6AD605CD
:104B080011D52368590703D015490D4806F0B0FAA6
:104B18001B200D4A936A43F47F43936200232B7052
:104B2800F8BD1620B3E79B6A9A04F2D523685B07A1
:104B380003D00C49024806F09BFA1C20E9E700BFA5
:104B48006001012077F6000800ED00E08DF600080E
:104B58009EF60008B1F60008CAF60008DFF600085D
:104B6800FAF6000812F7000810B52D4C23685A070A
:104B780003D02C49204606F07BFA2B4B9B6A9B01FD
:104B88004BD52368580703D02849254806F070FA02
:104B98001E20254B9B6AD90107D523685A0703D0E5
:104BA80023491F4806F064FA1F201F4B9B6A1B030A
:104BB80007D52368580703D01E49194806F058FA44
:104BC8002120194B9B6A590307D523685A0703D03C
:104BD8001949134806F04CFA2220134B9B6A9B0391
:104BE80007D52368590703D014490D4806F040FA41
:104BF80023200D4B9B6ADA0307D523685B0703D094
:104C08000F49074806F034FA2420074A936A6FEAE6
:104C180003436FEA1343936210BD1D20B9E700BF39
:104C28006001012041F7000800ED00E059F7000895
:104C38006CF7000886F70008A4F70008C9F7000811
:104C4800E3F700082DE9F047454D894680461746A9
:104C58002B68590703D04349284606F009FA424B06
:104C68009B6ADA0639D52B685B0703D03F493C4875
:104C780006F0FEF911243C4B9B6A1E0707D52B68EA
:104C8800580703D03A49364806F0F2F91224DFF8FB
:104C9800D8A0DAF82830990721D52B685A0703D00D
:104CA80034492F4806F0E4F9DAF83460DAF82830A5
:104CB8001B0651D52B685C0705D02F4A33460121C6
:104CC800274804F0E6FFB9F1000F04D0264A936A9A
:104CD80023F080039362132403E01024CBE76FF0E2
:104CE8001506214B9B6AD80707D52B68590703D0AF
:104CF80022491B4806F0BCF914241B4B9B6A9A06F0
:104D080007D52B685B0703D01D49154806F0B0F995
:104D18001524154B9A6AD50602D49A6A90070AD5C3
:104D28005B68190507D54146304600F05DFA10B1B9
:104D380080F3098802240C4B9A6A920603D55A6AB2
:104D480022F400525A629A6A204642F0FF029A629E
:104D580000233B70BDE8F0876FF01506BBE700BF86
:104D6800600101200EF8000800ED00E024F80008BA
:104D78009EF6000857F800086FF8000885F8000844
:104D880012F700082DE9F041744B8AB0044600255B
:104D9800D3F8048000AFC8F3080685F31188BFF381
:104DA8006F8F02F07F43B3F17F4F0AD102F00C03FB
:104DB800082B15D16A480368590702D0694906F0DB
:104DC80057F900252C460023FB71F31E092B00F22E
:104DD800A080DFE803F00A92958E9E9E9E9E9E9884
:104DE80012074CBF0C460125EDE75D4E33685B07A3
:104DF80003D05D49304606F03BF90023FB71574B61
:104E0800DA6A900708D53368590703D057495448D8
:104E180006F02EF900233CE0DA6A002A04DA336847
:104E28005A07F7D05249F2E7DB6A5B00F2D53368DC
:104E3800580703D04F494A4806F01AF9474BA16969
:104E48005A6942F480725A61BFF34F8FBFF36F8F74
:104E58005A6931F8021C22F480725A61BFF34F8FED
:104E6800BFF36F8F4DF60272914208D09A6AD2B2A0
:104E780092B3FA1D01212046FFF7E4FE3BE03368B8
:104E8800590705D023683C4A0121354804F001FF41
:104E98002368FA79E2B907F1080604F1200C2068C2
:104EA800083454F8041C3246644503C21646F6D149
:104EB8007A6A002D4DD0C2F3080121B96FEA522257
:104EC8006FEA42227A6207F108011846FFF716FDD9
:104ED8002837BD46BDE8F0819A6A12F47F4F04D0A6
:104EE800F91D0120FFF7BCFD05E09B6AB3F5803F83
:104EF80090D3FFF739FE0346CBE7FA1D0021BAE746
:104F0800F91D0020EEE7164803685A0782D01B49AE
:104F18007EE7134803685B073FF47CAF18F4F87F1B
:104F2800174AE8468AB0174B18BF13466A4616490F
:104F3800103EC2E905134FF40073D6611384134B76
:104F480042F8103F00234FF41151FDF735F9C546DB
:104F580060E722F4FF7222F00102B3E700ED00E0FF
:104F680060010120D2F80008FDF8000814F90008D3
:104F780035F9000843F9000862F900087EF90008CD
:104F8800B9F80008A4F80008A2F900080400000114
:104F9800024A536943F010035361704700ED00E083
:104FA800EFF30880EFF3098101B57246FFF7EAFED7
:104FB80001BD00BF102080F311880B484FF0AA01F3
:104FC8004FF4046206F040FF07484FF404614018AC
:104FD80080F30988EFF314800221084380F31488D2
:104FE800BFF36F8F00F0C4F880380120BFF34F8FF4
:104FF8000549064BCA6802F4E0621343CB60BFF36D
:105008004F8F00BFFDE700BF00ED00E00400FA0588
:10501800084B9B6883420BD1EFF3058343B1064BE2
:105028005A6842F080525A605A6A22F400425A6220
:1050380007F076B8580F012000ED00E00A4A6FF03B
:105048000A019368C3F8C0100849C3F8BC004B684C
:1050580043F080534B60002383F31188BFF36F8FB5
:105068009368D3F8C0007047580F012000ED00E0A6
:1050780010B50446EFF31183102383F31288BFF3AE
:105088006F8F0C4B4FF00062D86998600A4B5A60DA
:105098000A4BD0F8B8201A600022D0F8BC30C0F80B
:1050A800BC2083F31188BFF36F8F00F00DF9204601
:1050B80010BD00BF580F012000ED00E020150120B1
:1050C80001B506F00BFFBDE801400E498A684FF0B4
:1050D80040001044EFF3098C80E8F01F74467046D6
:1050E800FFF7C6FFA64607498A6802F1400090E824
:1050F800F01F8CF3098801B502F092FDBDE801406C
:1051080070470000580F01201EF0040F0CBFEFF38A
:105118000880EFF30980816911F8021C0229FFD089
:1051280001B505F0A1FF01BD40B2002807DB01234E
:10513800410900F01F00024A834042F821307047BD
:1051480000E100E040B2013100284FEA0111C9B284
:1051580006DB00F1604000F5614080F800137047FD
:1051680000F00F00014B1954704700BF14ED00E028
:105178000F4A08B522F07F020E4B9A60BFF34F8F9B
:10518800BFF36F8FD3F8882022F47002C3F8882009
:10519800EFF3148323F0040383F31488BFF36F8FB2
:1051A80002F0BAF903F0D2F800F064F802F010FA4D
:1051B8000000000800ED00E042F8203C203A009B87
:1051C80008495360019B21F001019360029B9161A2
:1051D800D3604FF08073D36100230266C0F8BC30FF
:1051E800704700BFE11700080A4A0346906878B183
:1051F80013F1160FD0F8A80005D0A0F140029A428A
:1052080005D8834203D2814228BF0020704700207E
:10521800704700BF580F012008B50F4B04461546CC
:10522800D0F8B82098600E460C4B1A6002F0F8FCD3
:10523800204600F049F82C4686F309884FF0000014
:10524800074B984720464FF000014FF000024FF0FF
:105258000003044C204700BF580F012020150120EF
:1052680089B00008E1170008014B10221A61704745
:1052780000ED00E0002304481021C2180133622B1E
:1052880082F80013F9D1704700E100E008B5EFF3A8
:105298000583064A103B02EBC30152F83300496804
:1052A8008847BDE80840FFF7C7BB00BF78C90008BA
:1052B800024B0121024A034800F092B80000052081
:1052C800000001200CD50008D0F8A8204021054B8B
:1052D800403A18461A60044AC3E90112012100F055
:1052E80089B800BF2415012000000B1508B5034636
:1052F8001148D0F89020C2F30722013A93420AD904
:105308000E480268520703D00D4A012104F0C1FC7F
:105318006FF0150008BDC0F898300A6822F01F0227
:105328001A4342F01002C0F89C208A6842F0010239
:10533800C0F8A0201846EDE700ED00E05C01012070
:10534800B9F90008F0B50E4685B01F460446002599
:10535800B54210DA606828B3AFB1431E18420DD0C9
:10536800124803685B0704D0114A2B46012104F058
:1053780090FC6FF01502104605B0F0BD1F28EFD95C
:1053880021680B42ECD1236801A9019305F08CFE3A
:10539800A3680343D0B20393FFF7A8FF10F1160FD9
:1053A800E7D0421C01350C34D2E700BF5C01012074
:1053B800DFF90008044B0522C3F89420BFF34F8F90
:1053C800BFF36F8F704700BF00ED00E0BFF35F8F42
:1053D800024B0022C3F89420704700BF00ED00E0A4
:1053E80010B5034C01232278FFF7ACFF207010BDE5
:1053F800EF1701200B4A08B500231278FFF7A2FF28
:1054080010F1160F07D0084A0021D2F89030C3F3E4
:105418000723984200DB08BDC2F898000130C2F8A3
:10542800A010F2E7EF17012000ED00E058485949B5
:105438002DE9F043D0F8903085B00D68C3F3072309
:105448009D4200F2A180FFF7C1FF49680022954202
:1054580001F10C011AD1504C6846504F2570FDF7E8
:1054680063F900250646DFF83881DFF83891AE4247
:105478001FD1237800204649D1F89020C2F3072293
:1054880093427BDB0020FFF795FF4CE0C0F89820A3
:1054980051F80C3C23F01F031343013243F010036F
:1054A800C0F89C3051F8043C43F00103C0F8A03028
:1054B800CDE700984FEA051C00EB0511CB683B408F
:1054C800B3F5000F44D00AD8B3F5001F2ED0B3F5BA
:1054D800800F34D0B3F5801F10D00135C7E7B3F182
:1054E800807F3ED0B3F1007FF7D150F80C30886848
:1054F80005F0DAFD4A6840F4802009E050F80C30E5
:10550800886805F0D1FD40F088504A6840F43020A2
:10551800039001A92078CDE90123FFF7E7FE0028D1
:1055280028DA6FF0150005B0BDE8F08350F80C30AC
:10553800886805F0B9FD4A6840EA0800E8E750F8CD
:105548000C30886805F0B0FD4A6840EA0900DFE7DA
:1055580050F80C30886805F0A7FD4A6840F0827062
:10556800D6E750F80C30886805F09EFD4A6840F090
:105578008870CDE7237801332370AEE7C1F89830FF
:105588000133C1F8A00077E74FF0FF30CBE700BF49
:1055980000ED00E018D50008EF1701200000F0FF2B
:1055A800000008110000020708B5024B1B68984765
:1055B800002008BD30150120034B044A1860937879
:1055C80043F0020393707047301501204C0001200E
:1055D800F0B587B007460E461446002110226846EB
:1055E8001D4607F099F802232A4621468DF8023015
:1055F8006846044BCDE90476019303F05FFC07B0DD
:10560800F0BD00BFD1B000080649074821F00701E6
:10561800C1F1005208B502F5A02203F0E0FE002017
:1056280008BD00BFC74D01203415012008B500F0A2
:10563800B7F80A4901220023416109490361C0E919
:1056480000220A6007490A60074A1360074A136084
:10565800074AC0E90233136008BD00BF5FE70008CE
:10566800780001207400012048150120441501200C
:10567800401501202DE9F04107460E46154600F079
:105688008FF8C36804461BB943691A78002A41D1C8
:105698000023E3606368BB4256F8232008DB324BE3
:1056A8006361204600F062F84FF0FF30BDE8F081FA
:1056B800511C616192F80080B8F12D0FEFD1911C57
:1056C800616151782D29A16004D192786AB90133BA
:1056D8006360E4E749B9244B41462846636106F014
:1056E8004BFF0028DDD0C4F80880D4F8088028468D
:1056F800414606F041FFB8F13A0F636900D070B92E
:105708001B7813B9636801336360204600F02EF8F4
:105718003F20CBE75A1C42611B788360E5E742785B
:105728003A2A0BD0002222611B7813B9636801332F
:105738006360204600F01AF8A068B7E71878626836
:10574800094928B901329742626004DD56F82230CF
:10575800C4E90431EAE7616120462D783A2DD5D1B4
:1057680000F004F82846A1E75FE700080268074B45
:105778001A604268064B1A608268064B1A60C26853
:10578800054B1A600269054B1A60704778000120C2
:1057980074000120481501204415012040150120FE
:1057A800004870475C0001202DE9F04105460024BF
:1057B8004FF001080D4E0E4F2B7853FA84F01F2836
:1057C8000DDC08FA00F3726933EA020207D173614B
:1057D80057F830301BB107EBC002516898470134C5
:1057E8006A78E3B29A42E7D2BDE8F081003C014012
:1057F8004C150120044B18440023013300F8012BF9
:105808009942FADC704700BFC2000120064B0246ED
:10581800064910B4185601230C68934023430B60C3
:1058280010BCFFF781BC00BFC2000120003C014052
:105838001F2806DC034901220B68824023EA020381
:105848000B607047003C014003292AD8DFE801F0CB
:10585800020E141F134B01229968824021EA0201AB
:105868009960D96821EA0202DA60704701220D4B7B
:10587800824099681143F3E70A4B0122D9688240B4
:105888001143D960996821EA02029A60704701239E
:1058980003FA00F0034B9A6802439A60DA681043EF
:1058A800D8607047003C01400A4B30B553F830408F
:1058B8008C4204D103EBC0056D68954205D034B91C
:1058C80043F8301003EBC0035A60002030BD6FF07E
:1058D8000F00FBE74C150120034B002243F8302052
:1058E80003EBC0035A6070474C15012003460C486F
:1058F800B0B5026800AF520710D06C4688B01B687C
:105908006A46084DD3610423C2E9055142F8103FA5
:1059180000234FF40151FCF74FFCA546BD46B0BD2E
:105928003801012044FA00082DE9F04F8BB00546F4
:105938009146984602AFD0F808A00C46D7F848C060
:10594800002930D04E7940F2FF7BD1F800E016F004
:10595800010618BF6FF0604B3EEA0B0B29D02748B1
:1059680003685B071FD0002E254A6C468CB0254B78
:1059780013BF1D2513460B25082108BF032102AAC2
:10598800214EC2F824E0C2E905634FF40073138581
:105998001E4BC2E9075142F8103F00234FF4515102
:1059A800FCF70AFCA5466FF015002437BD46BDE894
:1059B800F08FBCF1000F1AD13E1D0122614630461E
:1059C80006F061FA124B01964A4600932146DAF82E
:1059D80014A043462846D0470028E6D14FF0FF32AE
:1059E8004FF0FF33304601F0E7FFF869DDE7FC6C64
:1059F800CDE900C4DAF81440A047D6E73801012001
:105A080070FA000867FA000879FA00080600000131
:105A1800C9B3000810B41346826894690A4602495B
:105A2800A44610BC604700BFD1B300082DE9F04F71
:105A38000F4689B091461E46D0F808A06A4BD0F8A8
:105A480008809A4200F2CD80B8F83C40B8F83E3061
:105A580001341C44B8F840301C44002A00F0C180CE
:105A6800B6F57A7F80F0BD80836807A99B6A98475E
:105A7800002840F0B3804EB95C4B994535D85C4B53
:105A880040F26B36994588BF4FF44876079B04FB74
:105A980009F4B3FBF4F40293BAF838309C4238BFE7
:105AA8001C466FF0004304FB09FB0393B8F842302F
:105AB8009C421DDD0398FB88BA885B08934228BF87
:105AC80013463B80BAF83020934204D9B8F83A20FC
:105AD8009A4228BF1A466FF000433A80984208BF9E
:105AE8006FF0850009B0BDE8F08F40F2EE26CDE7F3
:105AF800029BB3FBFBF30193DDE901230BFB12339C
:105B08005BBB01994FF47A75BDF804207143B8F86E
:105B18003C30B8F83EE005930EEB0300BAF834C009
:105B2800BAF8323080B2B1FBF5F1511ABAF83650F2
:105B380089B20495A94213D9B8F840508D4228BFBC
:105B48000D46511E491B89B288420BD2151AB8F866
:105B58004020013DADB2AA420FD20134CB44A5E7A3
:105B6800049DEEE70CEB030080B288422DD9121A8F
:105B7800013A95B2049AAA42EFD8B3EB500F4FEA14
:105B8800500203D2059B934228BF1346C21A92B211
:105B980096451CD2A0EB0E0372469BB24FF47A7165
:105BA80000FB01100199B0FBF1F08642039934BF64
:105BB800801B301A8142D0D97B80BA80FD803C811D
:105BC80000283FF478AF0390C7E70846D5E7944527
:105BD80082BFA0EB0C0362469BB2DFE76FF00400C4
:105BE80080E76FF015007DE740420F0000350C009C
:105BF80020A1070070B5036804460C4E43F001036A
:105C0800036001F0B7FA05466368DB0701D5002099
:105C18000AE001F0AFFA401BB042F5D923686FF0F3
:105C28000A0023F00103236070BD00BF80F5200047
:105C38002DE9F043436885B00646D0F810805C69CA
:105C48000027E36899070DD1E368DA0607D52A48E3
:105C580003685B0703D0294A012105F03EFC05B023
:105C6800BDE8F083102200216846D4F8B45106F04C
:105C780053FDD4F8B031C5F3072513F0040FD4F859
:105C8800B03117BFDB085B0D009301230CBF0093F5
:105C98008DF80530D4F8B03198071DD59DF805303A
:105CA80043F002038DF80530D4F8B431062D03F023
:105CB8000F038DF8043016D808EB8505D5F88C70DD
:105CC800D5F8E0901FB14A4669463046B847E368C0
:105CD80043F02003E360B4E7D4F8B8310293D4F872
:105CE800BC310393E0E7222D9EBF08EB8505AF6B1F
:105CF800D5F88C90E6E700BF40010120B1FA000812
:105D0800F8B507694FF0FF3243680C4607F11006F3
:105D18005D694FF0FF33304605F0ADFC3F792FB198
:105D2800304605F0AAFC6FF00F00F8BD2389304615
:105D3800E969013B0D4AC3F309030A40134322886A
:105D4800013A120602F040721343A288013A120483
:105D580002F470221343E288013A120502F4E002C9
:105D68001343EB6105F089FC3846DEE700FC80FC54
:105D780008B50A4641680B481C318368DB6873B173
:105D88009847034648B108480268520703D0074AB3
:105D9800012103F07EFF6FF00403184608BD6FF081
:105DA8005703F0E724C8000840010120C2FA0008A0
:105DB8002DE9F0412229D0F804800D460769D8F86A
:105DC80018400BD9464803685B0700F08680454AAF
:105DD8000B460121BDE8F04103F05BBF07F1100657
:105DE8004FF0FF324FF0FF333F4805F044FC4FF0CF
:105DF800FF324FF0FF33304605F03DFCD8E905236C
:105E08009A4214BF0E220022062D4FEA85031EDC9B
:105E180000213B442A44C3F88C10C3F8E010D4F89E
:105E2800003243F00103C4F8003204EBC203C3F8A4
:105E380040124FF0FF31C3F844120121D4F81C324C
:105E480001FA02F223EA0203C4F81C321DE0073DFE
:105E5800073200213B4402EB650215F0010F9963FC
:105E6800C3F88C1002F148011DD05B6B04EBC10133
:105E7800D4F80002B3FA83F340F001005B09C4F8D8
:105E880000021A484860002BD7D1D4F800323046B7
:105E980023F00103C4F8003205F0EFFB1248BDE817
:105EA800F04105F0EABB0C2D0DDCD4F80002DB6BE9
:105EB80040F00100B3FA83F3C4F800020B485B0911
:105EC80044F83100DFE7D4F8003243F00103C4F8A6
:105ED8000032064B44F83130AFE7BDE8F08100BF2F
:105EE80040010120F2FA0008CC1601200000FFFF53
:105EF800F8B543680D4606695C6931F00B030BD0B1
:105F08001B4803685C0704D01A4A0B46012103F0BA
:105F1800C0FE6FF08500F8BD337933BB06F110077A
:105F28004FF0FF324FF0FF33384605F0A4FBE3692A
:105F3800E80738464CBF43F0804323F08043A90765
:105F4800E361E3694CBF43F0004323F000432A07B1
:105F5800E36123684CBF43F0100323F01003236070
:105F6800356005F08AFB0020D5E76FF00F00D2E717
:105F7800400101200DFB00082DE9F0471D461B7A62
:105F880004468946012B174606690CD95048026811
:105F9800520703D04F4A012103F07BFE6FF0850AB8
:105FA8005046BDE8F08706F110084FF0FF324FF079
:105FB800FF33494805F05FFB4FF0FF324FF0FF33E6
:105FC800404605F058FB6368297A2069D3E9053211
:105FD8009A4214BF0E23002311F0010149D08830E2
:105FE8004FF0000A50F8041F91BB28680AEB030C15
:105FF8006C68C000E40040F0040044F00604D2F8E5
:10600800003243F00103C2F800322B7ADB0744D593
:1060180002EBCC03C3F84002C3F844420123D2F890
:106028001C1203FA0CF30B43C2F81C32D2F80032EC
:1060380023F00103C2F800322B7A13F0010F4FEA64
:106048008A0338D11E44C6F83890C6F88C7037E0F9
:106058000AF1010ABAF1070FC4D11D48036813F009
:10606800060F03D01D4A022105F037FA6FF01B0A0C
:1060780026E0503050F8044F5CB96C680733286844
:1060880001F1070A6401400144F0180403EB610CB4
:10609800B5E701310E29EDD1DFE71AF0010F40EA2B
:1060A80004400CF1480102D042F83100B6E702EB97
:1060B800C1014860B2E73344C3F88C90C3F8E0707C
:1060C800404605F0DAFA044805F0D7FA68E700BF59
:1060D8004001012026FB0008CC1601204AFB0008DD
:1060E8002DE9F74F984643680D461746D3F81490A4
:1060F8000B79DDF830A0082B04690ED94C480268EA
:10610800520705D00822012100924A4A03F0CBFD2C
:106118006FF0150003B0BDE8F08F4B79032B0AD957
:1061280043480268570703D0434A012103F0B1FDF1
:106138006FF08500EEE72379002B6DD0D9F8183081
:106148005E076CD404F110064FF0FF334FF0FF32B6
:1061580004F1240B304605F08EFAD9F8083013F014
:10616800E05F31D0580145D509F5C0733C340D9A2C
:10617800C4F800A062601A6802F001021A606A7925
:10618800296812F0010F1A6816BF42EAC10242EAF2
:10619800415242F004021A606A79920737D51A68A8
:1061A80042F002021A60596830462A7921F00F013C
:1061B80002F00F020A435A601A6842F001021A609C
:1061C80005F05BFA0020A5E7304605F056FA3A4696
:1061D8004346584601F0F0FB10B16FF00A0099E70A
:1061E8004FF0FF334FF0FF32304605F044FAD9F84C
:1061F8000830B4E7190103D509F5C8734434B6E784
:1062080013F080530ED009F5D0734C34AFE7AA6869
:106218009A60EA68DA60C6E76FF072007AE76FF0B2
:10622800710077E7C3F800A00D9A5A601B68FFDE7B
:10623800400101205EFB00087DFB00082DE9F843C2
:1062480006694FF0FF33D0F80490054606F11008B0
:106258004FF0FF32D9F81470404605F00CFA337944
:10626800002B44D03846FFF7C5FC041E0FDA21483E
:1062780003685A0703D0204A012105F02EF96FF070
:106288000404404605F0F9F92046BDE8F8836FF0AC
:10629800720206F13C01284605F0DCF86FF0720244
:1062A80006F14401284605F0D5F828466FF0720239
:1062B80006F14C0105F0CEF8BB6843F0801343F4B7
:1062C8000043BB60D9F8000070B183685B689847E9
:1062D800044648B1074803685B07D2D0074A2346FB
:1062E800012103F0D6FCCCE700233371C9E76FF036
:1062F8007704C6E740010120A0FB0008BAFB0008AC
:106308002DE9F043002485B045680746D0F8109081
:106318006E69ADF80C40CDE901446A4805F0ACFD62
:1063280009F1100005F0A8FD0122214609F1240019
:1063380005F0A9FD286880B105F05BFD68B96248E1
:1063480003685B0703D0614A012105F0C6F86FF0C6
:106358001204204605B0BDE8F0835D4C204605F0E8
:1063680048FD28B9584803685F07F0D0594AEBE759
:10637800A36805F11C0120461B689847804658B160
:10638800514803685E0704D0534A4346012103F08D
:1063980080FC6FF00404DCE701466A46A86A05F051
:1063A8002CFB041E07DB009B42461979186800F095
:1063B800CDFA041E09DA444803685D07C9D0474A84
:1063C8002346012103F065FCC3E73046FFF712FCC2
:1063D800044640B13C4803685907BAD0404A0121F5
:1063E80005F07BF8B5E73368DFF8F88023F002039F
:1063F800336000F0BFFE0446736813F0020333D124
:10640800D5E90512914218BF0E23D2F8001241F0C7
:106418000101C2F800127F22A96902FA03F3D1F838
:106428000C020343C1F80C32AA69D2F8003223F0F7
:106438000103C2F80032336823F0FC033360336889
:1064480043F040033360EA682B8A01A93846FFF716
:10645800EDFA163018D11C4803685A0799D0224A19
:10646800012105F03AF894E700F084FE001B40454E
:10647800C2D9154803685B0703D01C4A012105F0FF
:106488002CF86FF00A0464E701A9384604F0ACFF61
:10649800044600287FF45DAF01463846FFF728FD23
:1064A800044600287FF455AF024609F1FC0138463E
:1064B80004F0DAFF6B6A30469847736943F00103CA
:1064C800736146E7CC16012040010120E4FB000877
:1064D80024C80008FEFB00081DFC000846FC000854
:1064E800A0FB000880F520007EFC000864FC000882
:1064F8002DE9F04705694FF0FF3346684FF0FF324A
:1065080005F11007D6F81480384605F0B4F82B7951
:10651800002B3FD13068A0B1836829681B68984771
:10652800044670B11D4803685A0704D01C4A234624
:10653800012103F0AEFB384605F09FF82046BDE880
:10654800F087D8F80030DFF85CA023F00103C8F822
:10655800003000F00FFE8146D8F8044014F0010422
:1065680002D101232B71E6E700F004FEA0EB09003D
:106578005045F1D9094803685B0703D00A4A01214D
:1065880004F0ABFF306810B183685B6898476FF020
:106598000404D0E76FF07704CDE700BF4001012085
:1065A800BAFB000880F52000A0FC0008204B10B5BD
:1065B800186814460B68082B13D0062B08D883B12B
:1065C800023B042B15D8DFE803F0132F131923001F
:1065D800402B11D008D8342B0BD0382B09D0302BB6
:1065E80007D06FF0850006E0442B0FD0A82BF7E703
:1065F80000202060002010BD8008FAE700F0A8F80D
:106608001923B0FBF3F04FF4D87358434008F0E770
:1066180000F09EF81923B0FBF3F04FF4D8735843F9
:106628000923B0FBF3F0E4E74FF4FA40E1E700BFD9
:10663800AC00012070B5424D00F0B4F8414C28463A
:1066480005F09BF800F0AAFDA3683F4AC3F30313C3
:10665800D35C20FA03F613781D41AE4202D22846D5
:1066680000F0CAFD236823F480232360236843F4E1
:1066780080332360334B1A689203FCD55A6F42F07B
:1066880001025A675A6F9407FCD59A6802F00C0207
:10669800082A17D11A68900707D41A6842F001022D
:1066A8001A60284A13689907FCD5264B9A6822F085
:1066B80003029A609A6812F00C0FFBD19A6822F0D4
:1066C800F0029A601F4C236823F08073236063688C
:1066D80023F440336360636823F0706343F010630E
:1066E800636000F039F8236843F0807323602368FF
:1066F8009B01FCD5A36823F0F003A360A36823F0F3
:10670800030343F00203A3600E4CA36803F00C03D9
:10671800082BFAD1AE4202D3284600F06DFD0B4B90
:106728000020074A1A60A36823F4E05343F4A053F7
:10673800A360A36823F4604343F40043A36070BDDF
:1067480000E6DF0C003802403FFE0008AC000120E4
:106758000048704740787D010E4B0F495A68114038
:106768000E4A0A435A601A6842F080721A60A3F50A
:10677800E4331A6842F480321A605A68D203FCD5AE
:106788001A6842F400321A60054A53689B03FCD524
:10679800704700BF003802400080BCFF196C400001
:1067A80000700040064B82B01A6C42F080521A64A6
:1067B8001B6C03F080530193019B02B0704700BF2C
:1067C8000038024008B5074805F013FB38B1064801
:1067D800FEF7F2FE0448FAF7F9FF002008BD6FF053
:1067E8001200FBE750C90008F56700080A2838B509
:1067F8000446074D04D1AB680D2128465B689847CD
:10680800AB68E1B202485B689847204638BD00BFD4
:1068180050C9000838B5036904465860084D284631
:1068280005F0E7FA40B161682846AB680C311B688F
:10683800984700EAE07038BD6FF01200FBE700BF30
:1068480024C80008F7B50C4611461D464768B1F53F
:10685800001F026924D104F003020F2337490432D0
:106868009200934043EA9403DAB2023251F82220AC
:10687800190C02EA134391FAA1F2B2FA82F2D34058
:10688800BA689A4209D12046FEF7D2FF2046FFF7A0
:1068980023F800212046FEF7D7FF002003B0F0BD03
:1068A800B1F5800F41D026492046FEF7FDFF0028AC
:1068B8003ED1B5F1806F34D0B5F1C06F33D0B5F1AA
:1068C800007F38D102261F4A6B46BD6892E8030054
:1068D80083E803001C481946826812689047C0B9CB
:1068E80004F003030F2204339B009A4042EA940207
:1068F800D3B2110C9B0003F1804303F59C339868D5
:1069080020EA124091FAA1F2B2FA82F295400543C8
:106918009D6020463146FEF797FF2046FEF776FF3A
:10692800BBE70126CFE70326CDE76FF08500B5E783
:106938006FF00F00B2E76FF01500AFE700380140C5
:10694800A5B9000864CE000824C800082DE9F0475E
:10695800044600EBC10600251C4FB44201D10020BB
:1069680014E02068C30600F01F0911D4656845F0DB
:106978002005C0F3481AC0F344200F2823D857F83D
:106988002080B8F1000F0DD16FF01200BDE8F0873C
:10699800B9F1100F04D0B9F1110FEAD16568E8E731
:1069A8003025E6E7404605F024FA0028ECD04B46AF
:1069B8002A460AF00F01404605F007F8002804F1BE
:1069C8000804CADAE2E76FF01500DFE7E4D600084A
:1069D80043681B6803F1080252E8002F42F00102E5
:1069E80003F1080040E800210029F3D1154A934239
:1069F8001BD0A2F54C42934217D002F58062934215
:106A080013D002F5806293420FD002F58062934260
:106A18000BD002F54442934207D0A2F51C429342A0
:106A280003D002F58062934203D15A6842F04002D3
:106A38005A6053E8002F42F4807243E8002100298D
:106A4800F7D170470010014043681B6803F1080242
:106A580052E8002F22F0010203F1080040E800216B
:106A68000029F3D1154A93421BD0A2F54C42934218
:106A780017D002F58062934213D002F580629342E8
:106A88000FD002F5806293420BD002F54442934244
:106A980007D0A2F51C42934203D002F580629342CC
:106AA80003D15A6822F040025A6053E8002F22F4BA
:106AB800807243E800210029F7D170470010014097
:106AC800044803685B0703D0034A012103F0D8B8E0
:106AD800704700BF7801012089FD0008F8B50C4611
:106AE800036941685D682379012B15D09F1E7E429A
:106AF8007E41B6026279022A96BF444F4FF400578E
:106B080037F81270A279022A09D0042A2FD0003B44
:106B180018BF01231B0306E04FF4C066EAE7B3FA87
:106B280083F35B091B07E2790968012A14BF4FF058
:106B3800000C4FF4407CA5421CD10A6822F0805218
:106B480022F4B05232431A430A604B6823F440538C
:106B58003B434B6043681A68936823F4407343EAE5
:106B68000C0393602968BDE8F84005F081B84FF43C
:106B78008053D8E7D1F800E00EF4C06E764506D011
:106B8800D1F800E02EF4C06E4EEA06060E604168A9
:106B98000E68716801F440518F4204D0716821F485
:106BA80040513943716041680E68316801F0102125
:106BB8008B4204D0316821F010210B4333604368C5
:106BC80019688B6803F440739C4505D08B6823F4DF
:106BD800407343EA0C038B6043681B689968490457
:106BE80005D5032A09D09A6822F4804204E0032AD2
:106BF80003D19A6842F480429A6021682B689942CE
:106C080003D005F035F823682B60F8BD90D800084C
:106C18002DE9F04383B005464668046900AF714822
:106C2800206005F0E6F878B96F4803685A0706D17E
:106C38006FF0120420460C37BD46BDE8F0836B4A5E
:106C4800012103F01DF8F3E72068F16883681B68E9
:106C58009847044620BB3A1D0021306A04F0CDFE57
:106C6800041EE7DB7B68002219791868FFF76EFEBF
:106C7800041EDFDBD5F804802B69D8F80040D3F870
:106C88000490236823F001032360D8F8040005F07A
:106C9800B0F880B9544803685907C9D0544ACFE7B7
:106CA800514803685B0703D0524A012102F0E8FF0C
:106CB800002CBFDBCFE7D8E901018368DB6803B1AB
:106CC800984754E8003F43F00C0344E80032002A98
:106CD800F7D149462846FFF701FF98F814301BB151
:106CE800A36843F00803A36098F815301BB16368E4
:106CF80043F40043636098F816301BB1636843F4AB
:106D08008033636098F817301BB1636843F400332D
:106D1800636098F81830002B57D0374B9C4237D017
:106D2800A3F54C439C4233D003F580639C422FD09B
:106D380003F580639C422BD003F580639C4227D0E7
:106D480003F544439C4223D0A3F51C439C421FD027
:106D580003F580639C421BD0234B1B685A0702D162
:106D68006FF0150466E76C4688B02B686A462349BD
:106D7800C2E905134FF400739383214B42F8103F87
:106D880000234FF4E2511848FBF716FAA546E7E747
:106D98006B681A68936843F480439360236898F893
:106DA800192023F0787343EA42532360236898F844
:106DB8001A2023F4F81343EA0243236098F81B309F
:106DC8001BB1A36843F40043A360236843F00103A5
:106DD8002360E3699B02FCD5736A28460024984720
:106DE80028E700BF24C8000878010120FEFB00083E
:106DF800D7FD0008B7FD000800100140F2FD0008AB
:106E080003000001F8B5436802460E4691F805E014
:106E18001C68036908795D6801288B791ED1BEF169
:106E2800020F72D9022B1F464FF4C0614FF4005C69
:106E380000F08380042B7BD020B1C31E012B79D9AD
:106E48004FF48050BCF5805F00F08180BCF5405F56
:106E58007FD0BCF1000F1CD101231BE002280AD10E
:106E6800BEF1020F5DD9022B1F464FF480610BD093
:106E78004FF4005CDEE7BEF1020F55D9022B1F4626
:106E880054D100285FD00021C31E012B52D9002005
:106E98000227032373454DD104F0FBFDB84249D1C5
:106EA800F37903B3012B56D12C4B9C421BD0A3F58D
:106EB8004C439C4217D003F580639C4213D003F5E2
:106EC80080639C420FD003F580639C420BD003F58E
:106ED80044439C4207D0A3F51C439C4203D003F5CE
:106EE80080639C4226D123683146104623F0010373
:106EF8002360FFF7F3FD236843F00103236096E85E
:106F0800030085E803000020F8BD4FF4C061144F6A
:106F1800022B37F81EC01F468CD170B94FF0805035
:106F280090E74FF48061F2E70021F0E700219FE746
:106F3800002885D06FF08500E6E7C31E012BF9D93C
:106F4800022700207EE701464FF08050A1E700238A
:106F5800A0E702239EE7032BA6D0EBE70010014031
:106F680090D800084FF0E0230F4910B59C691A69C2
:106F780008689B6902F480320C4934B993B9034616
:106F88004AB90A681044C01A10BD002B08BF03464E
:106F98000AB9A342F5D90A6802440A604FF0E02210
:106FA8001269EEE70446F3E79417012090170120D1
:106FB8000A4B1022002083F8232045F26042084B38
:106FC8001A6045F25F42074B18604FF0E0235A61A0
:106FD80098611A6942F007021A61704700ED00E0F3
:106FE800941701209017012010B5FFF7BBFF104937
:106FF800104B0868D3E90042001942F10002C3E9C6
:1070080000020D4A00230B6045F26043D2E90041BB
:10701800001BB0FBF3F043431B1941F10001C2E927
:10702800003101F079FABDE81040FDF705BD00BF59
:1070380090170120C00D0120B80D01202DE9F04165
:10704800DFF8E08099B1421C0BD14FF0E0221369C0
:1070580023F0010313614FF07F43C8F80030BDE807
:10706800F081D8F80060012807DC00270BE0431CFA
:10707800D8F80060F7D140F20730B0F5427FA8BFDA
:107088004FF44270471EEFF31185102383F31288E3
:10709800BFF36F8FFFF766FF234C4FF0E02399692A
:1070A800D4E9002380184FF0000243F10003C4E93B
:1070B80000031E4B1A601E4B1A68831A2ED445F221
:1070C800604C0CFB073303F5A8435F33B3FBFCF7B5
:1070D800131A40F246520CFB0733934238BF13464B
:1070E800144A934228BF1346C8F800304FF0E022F4
:1070F800013B90695361002381429361A1EB000336
:10710800D4E9001238BF9B195B1842F10002C4E9A8
:10711800003285F31188BFF36F8FA0E740F2465322
:10712800E2E700BF94170120C00D0120901701204D
:10713800B80D0120A06EFF0038B5EFF311851023BC
:1071480083F31288BFF36F8F084B1C68084B1B68CA
:10715800E41AFFF707FF85F31188BFF36F8F45F235
:1071680060432044B0FBF3F038BD00BFC00D0120E0
:10717800B80D012038B5EFF31185102383F3128879
:10718800BFF36F8F044B1C68FFF7ECFE85F3118883
:10719800BFF36F8F204438BDC00D0120134908B5D7
:1071A8008B6803F00C03042B1BD0082B1BD14A68F7
:1071B8004B68496802F03F0213F48003C1F3881159
:1071C8001ABF0B4800230B48A1FB0001F9F748F848
:1071D800064B5B68C3F3014301335B00B0FBF3F07C
:1071E80008BD0348FCE70348FAE700BF003802403F
:1071F80040787D010024F40000285DD02F4B1A68E8
:107208001B6802F44042B2F5404F33D113F4803387
:1072180010D102F10F6202F58C52904248D8284AE8
:10722800904247D8274A904235D8274A904209D9F0
:1072380002230DE0254B984238D8234B98424FF053
:10724800060305D8224A904202D9012B38BF0123F0
:1072580020490A6822F00F021A430A600A6802F0FD
:107268000F02934202D00A6802F00F02981A18BF60
:107278000120704703F44043B3F5004F05D103F1F3
:107288000F6303F5A343984212D80D4B984211D8C7
:107298000C4B984201D90323DAE70B4B9842C7D825
:1072A8000B4B984294BF00230123D1E70723CFE774
:1072B8000523CDE70423CBE7012070470070004089
:1072C800000E2707804A5D05008793038058840CC9
:1072D80080C3C901003C0240034A044B02601420E9
:1072E8009B1AB3FBF0F0704724C8000878C900085F
:1072F80010B50446FAF7A0FD054803685B0703D0FC
:10730800044A012102F0BCFC204604F07DFD00BFC8
:10731800600101204FFE00082DE9F047044600AF48
:107328000D46EFF31189102383F31288BFF36F8F93
:10733800DFF8CC80334AD8F80030966859075BD01C
:107348000428EA468AB0117C94BF2F4B2F4B6A461B
:1073580098BF53F82030C2E9073140F201332C4876
:1073680093842C4BC2E9050442F8103F00234FF4E4
:1073780031512348FAF720FFD54665B1EB69D8F8B3
:107388000020C3F3080333B152071ED0224A01215B
:107398001B4802F075FCD8F800305B0715D016BB07
:1073A8001E48E8468AB06A461D4BD061C2E90536D8
:1073B80040F2013313841B4B42F8103F00234FF473
:1073C80011510F48FAF7F8FEC54629462046FFF73F
:1073D8008FFF89F31188BFF36F8F3046FDF718FED2
:1073E800BD46BDE8F087304604F063FD0028D7D0DD
:1073F8000378002BD4D0D4E7002DBFD1E5E700BF38
:1074080060010120580F012024D800085EFE000802
:1074180074FE0008050000019CFE00086CFE0008D0
:10742800BDFE00080400000138B5094B53F82040A0
:10743800013053F82050A54200D838BD636823B105
:10744800204604F0E9FC0834F5E723689847FAE792
:1074580038D800082B4B0122032070B52A4C86B07F
:107468002A4D1A70FFF7E0FF01F0B6FA04F0F0FCBD
:107478000420FFF7D9FF26463034AE4210D3224C01
:1074880000F0A4FD224EAC4226D300F0B3FDF9F77C
:1074980085F9204A137B23F00103137306B070BDEE
:1074A80054F80C3C059354F8103C049354F8143CDD
:1074B800039354F8183C029354F81C3C019354F875
:1074C800203C009354E90A2354E90C0100F0F2FA35
:1074D80054F8303C5E66CEE7D4E90A23B3F1FF3FA7
:1074E80008BFB2F1FF3F05D052EA0301206803D17B
:1074F80004F0E1FC3034C6E73146183000F092FF62
:10750800F8E700BFF017012088CC000848CD000834
:1075180091C00008900E012006480021064A08B5CF
:10752800121A04F091FC0548054A0021121A04F0C9
:107538008BFC08BDF0010120F41701200000002099
:10754800000000202DE9F041C8231B4E86B04FF003
:10755800010803FB0066194B194F1C2505930F23DF
:1075680005FB0075044617494FF4C0704FF4A0722C
:10757800009500FB04113046CDE903380023CDE91E
:107588000133114B00F096FA737B104A23F0040381
:10759800EE602C7473734FF4046304FB03331344D9
:1075A8006B60E31C07EB031307EB0417AB6187F869
:1075B800388006B0BDE8F081C80D01201FFF000823
:1075C800580F0120C04001205BBE00088038012010
:1075D800BFB50020FFF728FF2A4B83F308882A4D00
:1075E8000024F023294E2A4F85F82230EC772C7698
:1075F8006C76AC7685F820406B6A43F4E0236B62C6
:10760800FDF7C6FCFDF730FE4FF0FF33AB62EB62CF
:10761800FDF70CFF1F4DFDF74BFEFAF763FB1E4B02
:1076280040F20112B3609A81C3F8B440C3E92A4416
:1076380004F0DEFB0120FFF7F7FE0220FFF7F4FE5F
:1076480000F0F8FC154BF5614FF4806205930123B7
:10765800134928460094CDE90343CDE901443B464C
:1076680000F028FA6A7B0646284622F004026A736C
:1076780004F0B0FC2046FFF765FF3A46314628463D
:10768800FDF7CAFDC040012000ED00E0580F0120C1
:107698005D740008900E0120980F012024FF000857
:1076A800404201202DE9F34104460E4600F1080846
:1076B800EFF31187102181F31288BFF36F8F056AEA
:1076C800C1688D4230D204F0F9FCA2680546314603
:1076D80080B10024406904F0F7FF2846C5F8C0408F
:1076E80004F078FC4046394600F02CFC204602B0F5
:1076F800BDE8F081E06904F0E7FFE369A26804F1FE
:1077080024001021134462699342E36104BF236992
:10771800E361236A0133236204F0B6FE002087F395
:107728001188BFF36F8FE2E752EA03010AD00749D5
:1077380089684E613946CDE900230246404600F08B
:1077480091FBD4E76FF02200E9E700BF580F012052
:10775800F7B50446084604F10807EFF3118610212F
:1077680081F31288BFF36F8F216A002932D0A26893
:10777800A16904F0A9FFA369A268204613446269BD
:107788009342A36104BF2369A361236A013B236277
:1077980004F094FC054668B34169A268E06904F006
:1077A80093FFE369A2682846134462699342E36140
:1077B80004BF2369E361236A013323620024C5F807
:1077C800C04004F007FC3846314600F0BBFB2046B9
:1077D80003B0F0BD52EA03010AD00949896848613B
:1077E80031463846CDE90023224600F03BFBEFE75F
:1077F8006FF0220086F31188BFF36F8FE8E700BFB0
:10780800580F01202DE9F341044617461E46EFF3B1
:107818001188102383F31288BFF36F8FC368334A2C
:107828007BB180689168884219D057EA060318D15D
:1078380088F31188BFF36F8F6FF00F0002B0BDE8B7
:10784800F081916891F90E1001332161E36093682A
:10785800A36088F31188BFF36F8F0020EEE72169DA
:10786800F2E791F90E106FF07E0290F90E3099420E
:10787800A8BF19469142B8BF11468B422DDD04F0CE
:10788800F3FA0546224641461948CDE9007600F04C
:10789800E9FA0028E1D0EFF31186102383F3128868
:1078A800BFF36F8FA068D0B1236821699C420AD0CA
:1078B8004BB193F90E309942A8BF19466FF07E0379
:1078C8009942B8BF194604F0CFFA40B1314608488A
:1078D80000F038FB6FF00A00B0E70025D2E7002D72
:1078E800F4D186F31188BFF36F8FF3E7580F0120A7
:1078F800F117012038B5836804466BB3194A9268BA
:1079080093422CD1C368012B03D9013BC3600020EB
:1079180038BDEFF31185102383F31288BFF36F8FFF
:107928000169806804F0A0FA204604F0C7FBA06053
:1079380060B190F90E2022610022C0F8C02004F046
:1079480049FB2946084800F0FDFAE0E7E06085F3C6
:107958001188BFF36F8FDAE76FF01500D8E74FF0A3
:10796800FF30D5E7580F0120F117012038B504463C
:10797800EFF31185102383F31288BFF36F8F04F0A0
:107988009DFB50B10022C0F8C02004F023FB29461B
:107998000848BDE8384000F0D5BAD4E902320221DF
:1079A80004F110009A4218BF0133A36004F06CFD83
:1079B800EDE700BFF117012013B5EFF31181102493
:1079C80084F31288BFF36F8F846844B1013C8460EC
:1079D80081F31188BFF36F8F002002B010BD52EA07
:1079E800030406D181F31188BFF36F8F6FF00F0086
:1079F800F3E7CDE900230246014800F033FAECE74B
:107A0800F117012010B5044608B9054B9C681F22E0
:107A180004F1880004F0CFFD002084F8A70010BD11
:107A2800580F01202DE9F74F0C46D1B3CAB3477B55
:107A3800561EDFF8748008466FB34FF000094FF008
:107A4800010A4D460AFA09FB17EA0B0F1DD0721BF3
:107A5800D8F804108A4228BF0A46D8F800100192C4
:107A680004F032FE019A37EA0B07154404EB0500CF
:107A780011D0A6EB050B0D49BBF1010F28BF4FF044
:107A8800010B5D445A4604F01FFE09F1010908F193
:107A980008086019D6E700230370204603B0BDE844
:107AA800F08F0348FAE700BF50D800082CFF000801
:107AB8005FE700082DE9F04FD51D85B01F4600F19E
:107AC800680325F0070504460E4604217F35DDF8D6
:107AD80038B0DDF84C8006F1400A25F03F05C0E9D2
:107AE8001A33129B00203F2DA5F140092373119BE7
:107AF800A0606173A373E073C4E9060005D880F33E
:107B08001188BFF36F8F084602DF35444A46AA2121
:107B1800504604F001FE29462046FCF76DFF073069
:107B2800109B314620F00700C4E92AA9C4F8B00028
:107B38002D1A029320460F9B2A464FF00009CDE9E3
:107B480000B33B46FDF738FB0F9BC4F86490E3672E
:107B5800109BC4E91D7BC4F88030EFF3118210211B
:107B680081F31288BFF36F8F164EB16AB462C4F8FE
:107B7800841082F31188BFF36F8FB8F1000F0FD014
:107B88001F22414604F1880004F015FD84F8A790EF
:107B9800B36843B9C4F8B430284605B0BDE8F08FDF
:107BA80084F88880F4E7D3F8B4301022002104F177
:107BB8003000C4F8B43004F0AFFD012384F8383045
:107BC800EAE700BF580F0120F0B5002587B004464A
:107BD8000595109D04950F9D03950E9D02950D9D8D
:107BE80001950C9DDDE912760095FFF763FFB6F16C
:107BF800FF3F08BFB7F1FF3F05D056EA070305D19D
:107C0800204600F0B1F9204607B0F0BD3A463346A9
:107C1800024904F1180000F005FCF4E791C00008DF
:107C2800014B986800F024BE580F012038B50D4D5F
:107C38002B4653F8204F9C4200D004B9EC68AB683F
:107C480038B95A7BD20604D1A26912B9DA897F2AD7
:107C580005D89C4202D0204600F0D8FA2346EB61B2
:107C680038BD00BF580F012008B590F90D20014616
:107C7800437B002A04DA03F07F03437304F067F9B7
:107C8800044B9868431A58425841BDE80840FFF72A
:107C9800CDBF00BF580F012070B490F90D30427B62
:107CA800002B29DBD30627D183692BBB62F07F0227
:107CB800124942730A4652F8204F944218BF23468D
:107CC8004C6A23B9C0E90024206048620CE090F9AE
:107CD8000E5093F90E60B5420AD0AE4208DD5A68DC
:107CE800C0E9003210605860002070BCFFF79EBFEA
:107CF8009C42E7D01B68E4E770BC7047580F01202E
:107D0800002A2DE9F0410E46427B0CBF10210821C4
:107D1800044611420FD141EA0203D20918D1437334
:107D280008291BD00120FFF781FFBFF35F8F637B1A
:107D380023F0600363732C4B9B68A3424ED1EFF38F
:107D48000583002B4AD13046BDE8F041FDF776B9EE
:107D580003F07F03437304F0FAF8E1E7A36813B173
:107D6800204604F0FCF804F1180004F1680704F058
:107D78001CFAA56EAF4211D04FF0000875B1284625
:107D880004F0EDF805F1180004F00FFA2846C5F8DC
:107D9800C080FFF781FFA56EAF42EFD1124DAB68EF
:107DA8009C4206D00120FFF741FF204600F086FAEA
:107DB800BBE7EFF30583002BF4D00120FFF736FF74
:107DC800204600F07BFA094B40F20112AB609A8121
:107DD8000022C3E92A22C3F8B420A6E786F3118853
:107DE800BFF36F8FBDE8F081580F0120980F012075
:107DF80070B590F90D200146437B002A04DA03F0A0
:107E08007F03437304F0A3F84B7B154A63F07F03A9
:107E180010464B7350F8203F546A834208BF002332
:107E280023B9C1E90004216051620CE091F90E50B8
:107E380093F90E60B5420ED0AE420CDD5868C1E928
:107E48000030016059609068431A5842BDE870409C
:107E58005841FFF7EBBE9C42E3D01B68E0E700BF48
:107E6800580F0120F8B5124B0C461146114A986874
:107E7800DDE906761060EFF31182102282F3128892
:107E8800BFF36F8F9D68284604F073F8B6F1FF3F83
:107E980008BFB7F1FF3F06D03A463346064905F119
:107EA800180000F0BFFA2046BDE8F840FDF7C6B854
:107EB800580F01209817012091C00008F8B5044612
:107EC800EFF31186102383F31288BFF36F8F437B80
:107ED80049B2DA0619D18569BDB903F07F03437346
:107EE80004F035F8437B164A63F07F0381734373CC
:107EF800134653F8200F984218BF0546506A5DB9DB
:107F0800C4E900300460546211E00020A17386F3D4
:107F18001188BFF36F8FF8BD95F90E70B9420BD079
:107F28008F4209DD6B68C4E900531C606C60012056
:107F3800FFF77CFE0120EAE7A842E1D02D68DEE7E2
:107F4800580F012049B9EFF3058030B9054BDA69BC
:107F58009B689A4201D0FDF771B881F31188BFF38D
:107F68006F8F7047580F012010B5EFF3118410225E
:107F780082F31288BFF36F8F427B510704D484F3D6
:107F88001188BFF36F8F10BD22F004024273FFF710
:107F980083FE21460248BDE81040FFF7D3BF00BF6B
:107FA800F1170120034648B9EFF3058232B9064AB2
:107FB800D1699268914201D0FDF740B883F31188E6
:107FC800BFF36F8F704700BF580F0120EFF3118187
:107FD800102383F31288BFF36F8F054B9A68D37B06
:107FE800013BD37381F31188BFF36F8F704700BFD4
:107FF800580F012038B5EFF31185102484F3128847
:10800800BFF36F8F0A4B00209A68D37B0133D37379
:10801800FFF70CFE85F31188BFF36F8FEFF3118024
:1080280084F31288BFF36F8FBDE83840FFF7BABFFB
:10803800580F0120024B03F12002C3E908227047C0
:10804800580F0120F8B5EFF31185102383F3128838
:10805800BFF36F8F19498868437B03F07F0343732D
:1080680003F075FF8B6808465A7B62F07F025A73EB
:1080780050F8202F4C6A824208BF002222B9C3E977
:10808800000423604B620CE093F90E6092F90E70C5
:10809800BE420ED0B7420CDD5168C3E900210B6027
:1080A80053600120FFF7C2FD2846BDE8F840FCF701
:1080B800C5BFA242E3D01268E0E700BF580F012015
:1080C80050EA01032DE9F04105460E4603D1FFF7BA
:1080D800B9FF00202BE0831C71F1FF3329DB04F08A
:1080E80079F82C18EFF31188102383F31288BFF363
:1080F8006F8F124F124BB8681860FFF7B5FDB8685C
:108108002A4610493346183000F08CF9BA684046C0
:10811800537B43F010035373FCF790FF04F05AF8B5
:10812800201A63EB0303012873F10003D1DBBDE8D8
:10813800F0816FF00104241AD4E700BF580F012022
:108148009817012091C00008B1F1FF3F08BFB0F1B6
:10815800FF3F08B506D1094B986803F04AFF4FF076
:10816800FF3008BDFFF7ACFF0A22C11709304FF0F6
:10817800000341F10001F8F773F8F2E7580F012006
:10818800014B9868704700BF580F0120D3B5DDE94F
:108198000667089CCDE90067FFF764FE1CB1034B36
:1081A8009B685B69236002B0D0BD00BF580F0120F7
:1081B800044B0122C01A044BC0105843034B1A54F5
:1081C800704700BF60100120ABAAAAAAF1170120CE
:1081D800C3897F2B12D80A4B1B6863B1094B90F9EE
:1081E8000E201B689A4209DB437BDB0606D1064B4F
:1081F800C31A18BF012303F0010070470023FAE7F0
:10820800A01701209C170120C80D01200E4B70B546
:108218001E7C05460D4C06EB460304EBC3042046C2
:1082280003F0C3FF0A4B002228469A55FFF7D0FFF8
:1082380048B1084B204608491A68013ABDE8704021
:10824800D31700F0EFB870BD580F0120601001205F
:10825800F1170120A0170120B981000838B5EFF304
:108268001185102383F31288BFF36F8F104B114AC7
:108278009C681068A04206D1FFF7C8FF85F31188F3
:10828800BFF36F8F38BD00211B7C11600A4AD35C95
:10829800002BF3D02046FFF79BFF0028EED0637B2E
:1082A800DB0602D12046FFF7A3FD2046E4E700BF26
:1082B800580F012098170120F1170120EFF31181C1
:1082C800102383F31288BFF36F8F0C4A936A83429B
:1082D80008D1D3F88430936281F31188BFF36F8F8C
:1082E80070471346002BF7D0D3F884208242F8D188
:1082F800D0F88420C3F88420EEE700BF580F01208F
:10830800F8B506460F46EFF31183102282F3128860
:10831800BFF36F8F0C4915468C6A24B983F3118813
:10832800BFF36F8FF8BD83F31188BFF36F8F3946A2
:108338002046B047EFF3118385F31288BFF36F8FA0
:10834800D4F88440E9E700BF580F012009480A4AD9
:108358000A49121A08B503F079FD094A09490A4879
:1083680003F074FD09480A4A0A49121ABDE8084090
:1083780003F06CBD00000120EC010120A8FF0008FB
:1083880000000000A8FF00080000012000000020F5
:108398000000002094010108034B1B680BB9FEF78D
:1083A800CBBE0020704700BFA417012030B570B1C4
:1083B8000B4B5B6898420AD0036843B1D3E90421A8
:1083C800D0E90445121941EB0501C3E90421D0E9BC
:1083D800003213605A600023C0E9003330BD00BF8B
:1083E800B00001200E4B10B51C689C4204D1FFF769
:1083F800D3FF6FF0004010BDFFF7CEFF002CF8D080
:10840800D4E904321B1A62EBE072B3F1004F72F147
:108418000001EEDA002AACBF18460020EBE700BFE7
:10842800B0000120B3F1FF3F08BFB2F1FF3FF8B53C
:1084380004461D4616465ED08160EFF3118710236F
:1084480083F31288BFF36F8F013275F1FF3324DA9B
:108458002E496FF00103D1E900209B1A4FF0FF323B
:1084680062EB00009E1B60EB0500012E70F100031B
:1084780001DA01260020C4E90460254ED6F800C0C0
:108488007568B44508BF4FF0000CBCF1000F0DD162
:10849800C4E900652C6074601CE0FFF77DFF0136BD
:1084A80045F10005361845EBE070E4E7DCE9042007
:1084B800D4E90431934271EB000E1DDAD21ADCF8CC
:1084C800043060EB0100CCE90420C4E900C31C605F
:1084D800CCF804403368B34209D09C4207D10D4B15
:1084E8001C6824B9FFF77EFF2146FEF7A7FD87F336
:1084F8001188BFF36F8FF8BD9B1A61EB0001AC4583
:10850800C4E90431C4D0DCF800C0BEE7781001200B
:10851800B0000120A41701202DE9F84FEFF3118CCA
:10852800102383F31288BFF36F8FDFF8B4A0002401
:10853800DFF8B09000252C4FC9F80000DAF80000E9
:10854800504508BF0020D9F80030E046D7E900219F
:1085580078B34FEAE37ED0E9046CB3427EEB0C0BB0
:1085680005DAF61A6CEB0E04C0E9046421E0B218CF
:1085780041EBE671C0E90445C7E90021FFF716FFA2
:1085880088F31188BFF36F8F83689847EFF31188DA
:10859800102383F31288BFF36F8FD9F80030C446D5
:1085A800DAF800009B1B5045C9F80030CBD1D7E959
:1085B80000219A184FF0000441EBE373C9F800401A
:1085C800C7E90023FFF70EFF2146FEF737FD88F3C2
:1085D8001188BFF36F8FBDE8F84FFFF73FBE00BFAC
:1085E800B0000120A41701207810012010B5EFF386
:1085F8001184102383F31288BFF36F8FFFF7CCFE2B
:10860800054A0346D2E90001181841EBE37184F3E7
:108618001188BFF36F8F10BD78100120F8B504469C
:10862800EFF31187102383F31288BFF36F8F02686B
:1086380022B187F31188BFF36F8FF8BDD0E90A36EE
:10864800581C46F10001022871F1000127D3012BC3
:1086580076F10001BCBF012316465D1E46F1FF36C8
:1086680003F0BCFD013041F10001401946EB010166
:10867800012871F100013ADB03F0B0FD01306FF021
:10868800010241F10001401946EB0103121A4FF0B3
:10869800FF3161EB030318492046FFF7C3FE236B44
:1086A80001332363236A6BB187F31188BFF36F8F9C
:1086B800236A20469847EFF31187102383F3128823
:1086C800BFF36F8F54F8185FA542B2D0002DB0D019
:1086D800284603F0A7FC0023C5F8C03087F31188AB
:1086E800BFF36F8F2846BDE8F84003F073BC6FF006
:1086F80001024FF0FF33CEE7258600082DE9F0414F
:1087080005461C4690461F46EFF31186102383F357
:108718001288BFF36F8FB4F1FF3F08BFB2F1FF3F7C
:1087280005D186F31188BFF36F8FBDE8F081531C24
:1087380074F1FF3309DB012A74F10003BCBF012285
:10874800002412F1FF3844F1FF37284603F02DFDCD
:10875800002342462B633B46DDE90601C5E90A01D1
:1087680002492846FFF75EFEDBE700BF25860008C2
:108778002DE9F74F1D46274B164680469F68012373
:1087880087F8703087F8713052EA050307F17002F4
:108798000CBF0123002303F0AAFD8146EFF3118BE0
:1087A8004FF0100A8AF31288BFF36F8F97F8704062
:1087B8004CB901465A46404603F03AFD8BF31188FE
:1087C800BFF36F8F0BE0002387F8703056EA05037C
:1087D80009D18BF31188BFF36F8F6FF00A0420461D
:1087E80003B0BDE8F08F0C4A59460C48CDE9006546
:1087F800FFF738FB0446EFF311858AF31288BFF3BD
:108808006F8F2A464946404603F012FD85F31188CA
:10881800D6E700BF580F0120B8000120F217012049
:1088280038B50346EFF31185102282F31288BFF39F
:108838006F8FC160012181600068834206D185F392
:108848001188BFF36F8F0024204638BDD0E900326D
:1088580013605A600023C0E9003303F0C0FD2946C5
:1088680004460248FFF76EFBEEE700BFF21701204F
:1088780008B5FEF77FFC0128024B38BF012058617C
:1088880008BD00BF580F012070B5EFF31186102303
:1088980083F31288BFF36F8F0F4D6C69ACB1FEF78D
:1088A80069FCAB6801282CBFC4EB0001C4F10101CD
:1088B80093F8382032B1D3E90C20521840F1000067
:1088C800C3E90C20044803F006FE00236B6186F31D
:1088D8001188BFF36F8F70BD580F01202DE9F0414B
:1088E80006460C46EFF31187102383F31288BFF373
:1088F8006F8FC0EBC003194D9B0017D1FEF73AFCF0
:10890800AB680128696993F8382038BF0120804690
:10891800411A32B1D3E90C20521840F10000C3E9E2
:108928000C200E4803F0D7FDC5F81480AA691C2155
:10893800D2E9003201FB0655C4E90232E868D0E901
:108948000C105B1842EB0002C4E90410C4E90032C1
:1089580087F31188BFF36F8FBDE8F081580F0120AE
:108968002DE9F04104460D46EFF31187102383F3F8
:108978001288BFF36F8FDFF85C80D8F80830834225
:1089880017D1FEF7F7FB0128D8F8141038BF0120DB
:1089980094F838300646411A33B1D4E90C325B18E2
:1089A80042F10002C4E90C320A4803F094FDC8F809
:1089B8001460D4E90C23C5E90023C5E90223002289
:1089C8000023C5E9042387F31188BFF36F8FBDE83F
:1089D800F08100BF580F0120014800F095BD00BF8D
:1089E80067FF000838B5064C064DAC4201D300209D
:1089F80038BDD4E901122046143403F07CFDF4E7B5
:108A08007C0101207C0101201FB5094A02AB92E8D4
:108A180003004FF4806283E8030000934FF0FF33B4
:108A28000449054800F004F9002005B05DF804FB8E
:108A38006CCE000880460120801001202DE9F0430B
:108A4800054685B0DFF830814FF0FF364FF0FF372D
:108A5800EFF31189102383F31288BFF36F8FD5F8D2
:108A6800C8408CB9022105F1E00003F04CFD002854
:108A780060D1002305F1D002494640480293CDE970
:108A88000067FFF783FBE3E7D5F8CC20236894421F
:108A9800C5F8C83008BFC5F8CC30D5F8E03043F089
:108AA8000203C5F8E030E36823F0040343F0010350
:108AB800E360636889F31188BFF36F8F2046984796
:108AC800EFF31189102383F31288BFF36F8FE368E4
:108AD800D90623F0010237D4E260E3689A071AD571
:108AE80023F00203D8F80000E360A0B10268002177
:108AF80088B143689C4237D1036869BBD8F8042021
:108B0800C8F80030824201D1C8F80430002340F888
:108B1800083BFEF72BFFD5F8E03023F00203C5F839
:108B2800E03089F31188BFF36F8FDB0590D4FFF72E
:108B380089FA8DE705F1D80400220121204603F0C7
:108B480011FB0028F8D194E723F01103E36004F146
:108B58001000FEF70BFFC0E70B60D8F80430834223
:108B680008BFC8F80410D1E722B1136801461046BF
:108B78001A46BDE71346F9E7A8170120F2170120A6
:108B8800F8B5C36804460F469A07C3F340062BD4CA
:108B98005B0719D40B680BB983680B60E368DD07C2
:108BA80045BFA368022601263B603D68002D3AD0E8
:108BB8001E4B9B68AB420AD0D5F8E030D807C3F308
:108BC800800214D46FF0120600233B6025E003F006
:108BD8006AF9D5F8E0300028F0D1D907C3F3C0020C
:108BE800F0D552B15B0708D46FF00F06ECE7002A06
:108BF800FAD1C3F3C003002BF6D100232360D5F8C4
:108C0800CC3063B9C5E93244284603F087FCE368F1
:108C180043F00403E3603B68A3603046F8BD1C6082
:108C2800C5F8CC40F0E76FF01506CDE7580F0120E6
:108C3800F0B50446002089B0C4E9320004F1D00040
:108C48000E9DC4E9340004F1D800C4E936004DB3E0
:108C58002879002840F2011008BF0120C4F8E0007C
:108C680000204FF0FF364FF0FF370094CDE9033076
:108C7800CDE901000C4B2046CDE90667FEF7A4FFBD
:108C880055B1296811B12046FEF7BCFE6B791BB1BE
:108C9800237B43F001032373204609B0BDE8F0406D
:108CA80003F009B90120D9E7458A00080CB430B5AA
:108CB80089B005460C461C22002101A803F02CFDB2
:108CC80002238DF806300E4B0293059523462CB1EE
:108CD800B4F1004F28BF4FF00043013B1D440DAADB
:108CE8000C99069501A8009200F0E8F814B1059BCC
:108CF80000221A7009B0BDE8304002B0704700BFCA
:108D080031C70008242A2DE9F041044601D8012A78
:108D18004CD103F011FD354B16221A5001B10C60ED
:108D280000273846BDE8F08135462E4616F8010B77
:108D38002028F9D0A0F10907042F0346F4D92B28DD
:108D480036D02D2837D14FF0010C6B78AE1C302B64
:108D580038D1307840F0200078282FD132F0100038
:108D68002CD173783446102202360CF100400138B9
:108D78000027B0FBF2FE02FB1E08392B82BF03F16D
:108D8800FF3343F02003263B303B9A421ED97745F8
:108D980002DC03D1984501D24CF0020C354607FBA2
:108DA800023715F8013B34462E46E6E70546BCE790
:108DB8004FF0000CC9E74FF0000CC8E7002A08BFC5
:108DC8000822D2E7002A08BF0A22CEE701B10C60C8
:108DD8001CF0010F18BF7F421CF0020FA1D00746FC
:108DE80003F0AAFC014B22221A509AE70C0000005B
:108DF800242AF0B5044601D8012A40D103F09CFC8E
:108E08002D4B16221A5001B10C600020F0BD2F46E0
:108E18003D4615F8010B2028F9D0A0F10906042ECB
:108E28000346F4D92B282CD02D282CD101267B7869
:108E3800BD1C302B2DD1287840F02000782824D173
:108E480032F0100021D16B782C4610220235002018
:108E5800392B82BF03F1FF3343F02003263B303B1D
:108E68009A421AD9A0FB02040CB9C01801D346F0E3
:108E780002062F462C4617F8013B3D46E8E7074611
:108E8800C6E70026D3E70026D3E7002A08BF082252
:108E9800DDE7002A08BF0A22D9E701B10C60F20712
:108EA80048BF4042B307B1D503F046FC024B22222B
:108EB8001A504FF0FF30A9E70C0000002DE9F04FE1
:108EC8008DB043680293837815469A07804640F12F
:108ED8000D8100240E78002E00F00A81252E0BD07B
:108EE8004B1C03930134029B4146304698470028A7
:108EF800C0F2F6800399EDE74E788B1C252E03937C
:108F0800F0D00027B946BB46BBF11F0F38D8A6F1F1
:108F18002003102B0AD8DFE803F02A0909300909D1
:108F2800092109090928092D09091F00A6F130039B
:108F3800092B33D92A2E37D11BF0400F55F8043BA3
:108F480040F08280002BA7BF4BF0200B9946C3F15D
:108F580000094BF0280B01E04BF0010B039B13F8C1
:108F6800016B0393002ECFD130E04BF0020B4BF096
:108F7800040BF3E74BF0080BF0E74BF0100BEDE7B1
:108F8800BBF17F0F19D8A6F13003092BD2D81BF0FB
:108F9800400F03D00A2101FB0737DFE70A2101FB55
:108FA80009394BF0200BD9E72E2E06D11BF0400FC4
:108FB80040F09E804BF0400BD0E76C2E31D02BD880
:108FC800682E36D06A2E3CD04C2E3AD0002F46F070
:108FD8002003B8BF2BF04002A3F16501BCBF1FFA04
:108FE80082FB0027022901D9612B2FD1073525F0F3
:108FF8000705DFF8ACA2083507271BF0080F66D075
:109008000AEB070B56465E4563D1A4EB0A0A06EB4A
:109018000A02A9EB07096FE1742E9FD07A2E9DD022
:10902800D4E71BF0800F18BF4BF4007B4BF0800B8C
:1090380094E71BF4807F18BF4BF4007B4BF4807BD4
:109048008CE74BF4207B89E71F4687E7A6F163018D
:10905800122900F2F080DFE811F013004F00EE0053
:10906800EE00EE00EE004F00EE00EE00EE00EE0027
:10907800EE00FE00E900EE00EE001B00EE00AF007F
:1090880055F8043B8DF8183001270DF1180AB4E79C
:1090980055F804AB834BBAF1000F08BF9A461BF092
:1090A800400F14BF39464FF0FF31504603F093FA92
:1090B8000746A2E7029B41462020984700280FDB7D
:1090C800013EB742F6D34C44A41BB14698E74E463E
:1090D800F7E716F8010B029B41469847002892DAF9
:1090E80098F8023043F0040388F802304FF0FF3458
:1090F80020460DB0BDE8F08F1BF0800F34D01BF474
:10910800007F2CD0073525F00705AA4669685AF86C
:10911800080B2BF010050029ADB237DA404261EB9D
:10912800410145F480650DF1180B0A235A4603F0F6
:1091380074FAA0EB0B0301936B0662D5019B25F033
:1091480001019F4289B240F3A180002E00F099806E
:1091580015F0100240F09C80BB460D4623E0AA465D
:109168005AF8040BC117D4E7AA461BF4807F5AF8B3
:10917800041B01D10846F5E71BF4007F15BF48B270
:1091880008B241F3C01141F3C031C2E750EA01030C
:10919800C9D11BF0400FC6D0002FC4D12BF011024B
:1091A80095B2BB46019740F2064115EA01021CBF81
:1091B8000BF1010B00222CE02BF010021FFA82FBAE
:1091C8000A231BF0800C49D01BF400711DBF073522
:1091D80025F00705AA46AA461ABF5AF8080B696877
:1091E8005AF8040B50EA010545D12BF016051BF07F
:1091F800400FADB242D0002F40D12BF0170295B2EC
:10920800019715F0100248D0019B002E42D103F1BE
:10921800010B29075AD4EB0706D5D9456FDD01990B
:10922800A9EB0B035F18CB465B4649E04BF0100BEC
:1092380010237826C5E7782B04D1C6F1780343F0CC
:109248001003BEE7029B4146252098470028FFF6F9
:1092580047AF023447E608230026B2E7AA461BF4C4
:1092680080715AF8040BBDD01BF400711ABFC0B24C
:10927800614680B2B6E72BF0060295B20DF1180BE5
:1092880054E725F01105ADB2BB468CE70D46B8E7AB
:109298003B460D4603F1020BBBE7DDF804B082E75D
:1092A8009FFF000898FF0008CDE904324146029B61
:1092B800202098470028FFF613AF049B059A013336
:1092C8009945F1DCA4EB0B01CC189B460AB3029B31
:1092D8004146302098470028FFF602AF8EB9013486
:1092E8002744019B391B994224DC1D465DBB019A2A
:1092F800A9EB0B09224455461446914435E0019FD9
:1093080092E7023441463046029B98470028E7DA44
:10931800E6E640F206410D42E2D015F0020F14BF16
:109328002B20202015F4806F04F10104414618BF5A
:109338002D20E9E7029B414630209847002804F198
:109348000104CEDACCE606AB013D4146585D029BEE
:1093580098470028CADAC3E6029B4146202098476E
:10936800002804F10104FFF6BBAEA9EB0403002BAF
:10937800F2DCBFE5704708B502F030FF0A2200238F
:10938800F6F76EFF08BD00EBC10040884008704743
:10939800F8B50346FFF7F7FFB0FA80F0CA000C46AD
:1093A8008DB2C0F11F00171D063203EB800CDCF8EC
:1093B800106056B9012101FA00F0D9680143D9605B
:1093C800CCF81040DD539D52F8BDF1000431585AD5
:1093D800D85303EBC0009E52C5805D52F4E7043AAF
:1093E8002DE9F041CC1D11444FF0000824F007048A
:1093F80021F007010E1B0460414604F11000F70834
:10940800C4F80C80B7FA87F2A760C2F12405C2F14C
:109418002002AD009200073503F07EF9A4F8008021
:109428002046ED086B0004EBC50243F0010363809E
:109438007B1B59005180A21924F835502946A2F8FF
:109448000280A35304EBC7035A8842F001025A80F2
:10945800BDE8F041FFF79CBF2DE9F04706460D46F1
:10946800174698462BB398F800404FF0000A93F837
:109478000190A400DB7804EB430498F802301C4404
:109488004444CA4509D308F10803D8F804203946EA
:109498003046AC46BDE8F047604714F8013B0AF196
:1094A800010A204648F82340F7F756F801300444EB
:1094B800E7E76FF01500BDE8F08770B500250246B4
:1094C8002846144614F8013B0BB9184609E098B130
:1094D8008D4207D1702B04D0A3F140023A2A0BD851
:1094E800002070BDA3F140063A2E05D85378013507
:1094F800941C002BE9D00020252B224608BF80F0C1
:109508000100DEE7002070470FB407B504A951F841
:10951800040B019100F027FB03B05DF804EB04B0E5
:10952800704710B50369024613F0080009D11368A3
:10953800D4689C4297BF126AE31A0120D31A0B60C1
:1095480010BD00231846FAE713B501A90446FFF732
:10955800E8FF20B1019BE268013B13440193206AB4
:10956800019BC01A013802B010BD10B5044650184E
:109578002269236AD20702D5013B184010BD9842E0
:1095880028BFC01AFAE710B504460A46C168FFF7B3
:10959800ECFF2369E06023F00803236110BD38B5B0
:1095A8008B00C2690D46016843F00203044642F885
:1095B80021302A460168FFF7D8FFE36861682A4628
:1095C80098422060204602BF236943F008032361C4
:1095D800FFF7CBFF606038BD2DE9F74FC7689B46A2
:1095E800C66904468846914616F8273006EB870A6E
:1095F80003F00303022B4FF0000309D01360CBF8EC
:1096080000302369990710D4002003B0BDE8F08F1B
:1096180056F8271013608908CBF80030F1D0FFF70F
:10962800B2FFE368A3600120EFE7A36950469847BB
:1096380016F827300546DA07E6D513F002031DD0E1
:10964800B8F1000F03D041462046FFF7A8FF616834
:109658002A462046FFF789FF6060D4E90231994223
:1096680004D12A462046FFF780FFA060A368236044
:10967800E360236943F008032361D4E701462046E9
:109688000193FFF780FFE268A260B8F1000F04D0F1
:109698002168E269019B42F8213005EB0802204667
:1096A800CBF800202168FFF760FF2369206043F0B2
:1096B8000803236116F827306FF3000306F82730F4
:1096C800C9F800A0AFE770B504461546FFF74DFF8F
:1096D8002368834205D12369216023F008032361AD
:1096E80070BDAB00E269204643F0020342F8213026
:1096F8002A466168FFF739FF6060F1E738B503690A
:1097080004465B0706D5456AFFF71EFF85422CBF56
:109718006562606238BD38B50D461C2200210446DA
:1097280002F0FAFFEB680022A361AB6863612B6863
:10973800E3616B68626223622A6923B1591E194288
:1097480008BF42F001022261012204F12800002131
:10975800BDE8384002F097BB2DE9F04F87B00025EF
:1097680004460E4600939246036AA94603958B4227
:10977800059539D3EFF3118B102383F31288BFF3C8
:109788006F8F059AD8462AB129462046FFF79BFFD6
:109798000023059304A92046FFF7C3FE0499074652
:1097A800B1422AD322682046E36913F8221003EB5A
:1097B800820921F0030103F8221032462168FFF7DD
:1097C800D4FEE3682060984212D0002788F31188FD
:1097D800BFF36F8F039929B162690AB12046904798
:1097E80000230393002FC5D1484607B0BDE8F08F8A
:1097F800236943F008032361E7E718B12046FFF720
:10980800CEFEE3E7009B5AEA030319D0019102F068
:109818004AFB0199A0B98BF31188BFF36F8F5246A9
:10982800009B04F12800FEF7C7F8EFF31188102316
:1098380083F31288BFF36F8FB0FA80F77F09C5E70B
:1098480005AB03AA20462568FFF7C6FE0746BDE715
:1098580070B50446836908460D4698470246EFF3FB
:109868001186102383F31288BFF36F8F2B7820465D
:1098780043F001032B706168FFF777FE60602046B4
:10988800FFF73CFF86F31188BFF36F8F70BD2DE99A
:10989800F04104461027EFF3118687F31288BFF3CF
:1098A8006F8F236913F0080FA36802D1626893428F
:1098B80000D9226AD21AE16932B986F31188BFF356
:1098C8006F8F4FF0000833E011F8232001EB830875
:1098D80012F00300F1D0022803D151F82350AD084B
:1098E80005D1D00712D4A369404698470546A16818
:1098F8002A462046FFF739FE2946A0602046FFF792
:1099080042FE86F31188BFF36F8FC4E742F002026C
:10991800404601F82320A568A369984729460246CE
:109928002046FFF722FEA06086F31188BFF36F8FF1
:109938004046BDE8F081F8B50446836908460D46FF
:1099480098470646EFF31187102383F31288BFF375
:109958006F8F2B786FF300032B7023699B0705D556
:10996800E268E36903EB82039D421AD12B786FF317
:1099780041032B70D4E90231994204D13246204682
:10998800FFF7F3FDA06031462046FFF7FCFD87F3A3
:109998001188BFF36F8F04F12800BDE8F840FDF788
:1099A800E5BF2B6860F39F032B60F0E702698368CB
:1099B800120702D442689A4200D2026AD31A181EC9
:1099C80018BF01207047F0B50446C369C6689446BD
:1099D80045684069AF1B281ABB42A3EB00029CBF35
:1099E800FF1AF6186245A3EB0700A5EB060528BF8A
:1099F8006246236890422B4428BF10460B60636878
:109A080003446360F0BDD0E90123D21A8A420CD323
:109A18001944C368C269C0E90111C91A8A4201D947
:109A2800002070471344C360FAE76FF015007047D1
:109A38002DE9F34180460E46154600272A4601A91E
:109A48004046FFF7C0FF04460246314601982744C6
:109A580002F03AFE2D1B264401D0002CEED13946E7
:109A68004046FFF7D0FF384602B0BDE8F081F0B5B8
:109A78000446866905699446C069AF1BA368B84265
:109A8800A3EB050223689CBF36183F1A6245A0EB7A
:109A98000700A5EB060528BF62462B4490420B60E1
:109AA80028BF1046236903442361F0BDD0E904238D
:109AB800D21A8A420CD31944D0E90632C0E90411FB
:109AC800C91A8A4201D90020704713448361FAE712
:109AD8006FF0150070472DE9F34180460D46164694
:109AE8000027324601A94046FFF7C1FF04462DB1C1
:109AF800024628462544019902F0E6FD361B274414
:109B080001D0002CEDD139464046FFF7CFFF38464B
:109B180002B0BDE8F081704703785B075FBF036858
:109B28004288C3F34A2303EB12105DBF173020F0BD
:109B38000700800800207047002070470346BFF3E5
:109B48005B8F53E8000F421C43E800210029F8D13D
:109B5800BFF35B8F704708B502F040FB0A22002371
:109B6800F6F77EFB08BD1FB50023CDE902011A46B2
:109B780019461846CDE90033F8F7A6FB05B05DF89D
:109B880004FB0120F8F75EB80020704718B1406860
:109B98000079F8F75BBA4FF0FF30FAE7436810B581
:109BA8005B79044613B10021F8F7AEFA6368002226
:109BB8005A7110BD70B5D2E901360C4615469B1B8B
:109BC8008B420AD313680A460146981902F07CFDB5
:109BD800AB6820462344AB6070BD6FF01B00FBE709
:109BE80070B50E4615461946044618B9BDE87040CA
:109BF800F8F728B833B1C2F34A231030120D1844CD
:109C080002F062FD2046C4E90056BDE87040F8F74E
:109C1800C3B92DE9F3415F1C06460C4615464FEAC9
:109C2800870808F1170020F007008008F8F776F891
:109C380000238DF80470ADF805308DF8073068B151
:109C4800019A0346A8F1040143F8102F2A46294433
:109C580052F8045B8A4243F8045FF9D1A201002359
:109C6800314602F4E07242EA482222F07F4222F4AE
:109C7800700222F03F0202B0BDE8F041FFF7B0BF2A
:109C880007B50123019201AAFFF7C3FF03B05DF8EE
:109C980004FB07B5CDE9002302236A46FFF7B9FFA5
:109CA80003B05DF804FB1FB5CDE90123069B01AAAB
:109CB80003930323FFF7ADFF05B05DF804FBF8B588
:109CC80006460D4614461F4604B9F8BD21462846E7
:109CD8003A46B047241A0544F6E710B542680446E8
:109CE80081680068D2E90023FFF7E9FF6368002272
:109CF8001A6010BD38B54B6805460C461A68CB6823
:109D08009A4202D10846FFF7E8FF6368BFF35B8F0A
:109D180053E8002F511C43E800100028F8D1BFF386
:109D28005B8FA36800209D5438BD0A2838B50446C7
:109D38000D4602D10D20FFF7DDFF29462046FFF72B
:109D4800D9FF002038BD2DE9F043054687B0084605
:109D58000E8891F800900C46D1F808801746F8F75D
:109D68000BFB011EC6F38216C9F3C2091FDB484666
:109D7800F8F724F903462146608851F8102BC0F300
:109D88000B100196C2F34A22002A01EB02044FF09D
:109D9800000208BF00210092CDE90407CDE90214B2
:109DA80028464146F8F714FB07B0BDE8F0830023C6
:109DB800E1E7002008B5F7F729FD012008B5F7F716
:109DC80025FD03785B075FBF03684288C3F34A2316
:109DD80003EB12105DBF173020F007008008002049
:109DE800704783681B6A03B11847704708B5436812
:109DF800197311B11868FFF7F4FF002008BD10B5FA
:109E080040681C463030FFF766FE2060002010BD19
:109E180010B5406850F8984B02F0EEF92046FFF76D
:109E2800E0FFA368DB6A0BB120469847002010BD0D
:109E38002DE9F04145681E460C4617462B7B93B129
:109E480001EB0208A04507D137600120D5E90131AF
:109E580098470020BDE8F081286814F8011B836842
:109E68005B689847EEE705F11000FFF7E1FD05F1A3
:109E7800D00301213060BFF35B8F53E8002F43E824
:109E880000100028F9D1BFF35B8F002AE1D12868C0
:109E98008368DB69002BDCD09847DAE78268002307
:109EA80082F856308268A2F852308268A2F85030A0
:109EB8007047034610B5BFF35B8F53E8000F40EAC5
:109EC800010243E80024002CF7D1BFF35B8F10BDDB
:109ED800034610B5BFF35B8F53E8000F00EA010299
:109EE80043E80024002CF7D1BFF35B8F10BDFDF7CA
:109EF80089BC73B5090185680446164601F51F71CA
:109F08000D4401AA6946284602F0E0FA009B23B1F5
:109F1800284602F0D8FA2046B04702B070BD08B50E
:109F280010B1F6F719FB80B208BD0EB403B503AA49
:109F380052F8041B0192FAF71FF802B05DF804EB1F
:109F480003B070478B6820B903F51F700021FEF736
:109F580067BC03F52B70F9E700F51E7019B14FF4D3
:109F68000061FFF7A6BF6FF40061FFF7B1BF00F50E
:109F78001E7011B10421FFF79CBF6FF00401FFF7B9
:109F8800A7BF00F51D7008B529B10121FFF791FFA2
:109F980000F0010008BD6FF00101FFF799FFF7E736
:109FA800FDF7A8BC73B5002304460093204600F0D3
:109FB800DBFBE06900F007FE05462046A668FAF7D5
:109FC800E5F9A36806F51F76B3F850301BB1962063
:109FD8000021FEF7B9F801AA6946304602F076FA80
:109FE80015B1009B002BE1D002B070BDF8B5044656
:109FF80080681F460D46037D1646022B07D04FF496
:10A00800805100F51E70BDE8F840FFF752BF4FF0D1
:10A01800FF324FF0FF3300F54370FFF768FFA36886
:10A02800D3F87822100508D49A6C32B9D3F8743270
:10A03800990602D5204600F097FB3B463246294652
:10A04800204600F0F2FBA368D3F87822120508D462
:10A058009A6C32B9D3F874329B0602D52046FAF7C7
:10A0680095F9606900F064F8A068BDE8F84000F56B
:10A078004370FFF795BF0CB407B504AB53F8042B36
:10A088000193FFF7B3FF03B05DF804EB02B070472C
:10A09800F8B505460F46C9B10846FFF740FF064622
:10A0A800A868C822002300F54370FFF720FF044684
:10A0B80018B16FF00F042046F8BD731CA868142B64
:10A0C80000D836B900F54370FFF76AFF6FF0150442
:10A0D800F1E73946F6F738FAAB6883F83C60A868C8
:10A0E80000F54370FFF75CFFE5E710B504468068AC
:10A0F8004FF0FF324FF0FF3300F54370FFF7F7FEE4
:10A108002046F9F70BF8A068BDE8104000F5437049
:10A11800FFF746BF18B18368D3F8240370476FF080
:10A12800150070478368996409B9FFF7B7BE70478F
:10A1380010B502690446836812680168C0689847C8
:10A14800236900221A6010BD38B5CB6805460C4655
:10A158001B7C022B04D10A2802D10D20FFF7F4FF43
:10A16800236922681B68D554226913680133136078
:10A1780023691A6863689A4202D12046FFF7D8FF1C
:10A18800002038BD08B510B1F6F7E6F980B208BD71
:10A1980010B5047B438922442144B2FBF3F003FB4E
:10A1A8001022B1FBF3F003FB1010101A10BD10B50C
:10A1B800047B438921441019B1FBF3F1B0FBF3F0A0
:10A1C800401A10BD30B5057B438929442A44B1FBA8
:10A1D800F3F403FB14110134013184800180B2FBD4
:10A1E800F3F103FB11224C1C0132C480428030BDC4
:10A1F8002DE9F74F00260746884614469946B24689
:10A2080006602378002B00F0BF80202B3AD0093B52
:10A21800042B37D93B685A1C3A6048F823403B68FE
:10A228004B4500F0B18000262278002AE9D0A6B973
:10A23800164623461C46272E04D05C2E25D0222EF7
:10A2480040F096802046FFF79DFF611C024620469D
:10A2580002F048FA2278002AD3D0B242A34604F189
:10A26800010420D15846FFF78DFF21460246584683
:10A2780002F038FA9BF800605C46002ED9D1C0E79E
:10A288000026BEE704F801ABBBE7651C2046FFF7D4
:10A2980079FF02462946204602F024FA66782C46C1
:10A2A800002EC8D1ADE75C2A9BF80120D3D1B24279
:10A2B800104608D15846FFF765FF21460246584622
:10A2C80002F010FAB0E7302A25D1022300251BF846
:10A2D8000300A0F13001C9B2072919D8ED000133F4
:10A2E800EDB2052B45EA0105F1D1591E58460193F7
:10A2F80059440091FFF746FF019B0099023BC21A9F
:10A30800584602F0EFF99BF801208BF80050A2E7BD
:10A31800DBB2022BE9D1782825D1022100251BF8D0
:10A328000130A3F13000C0B2092808D82D01EDB2E0
:10A338000543022901D00423D7E70321EFE7A3F15E
:10A348006100052805D82D01573BEDB21D43EDB23C
:10A35800EFE7A3F14100052803D82D01373BEDB203
:10A36800F4E7022902D10BF1010474E70323BCE7E7
:10A37800202E85D0093E042E82D96678631C002ED3
:10A388007FF458AF1C463CE7304603B0BDE8F08F79
:10A39800F8B50E4611460746154602F028F9044658
:10A3A800E0B12846FFF7EEFEA742054607D214F8AB
:10A3B800013C202B02BF013504F1FF34ADB2204629
:10A3C800FFF7E0FE3388421C61195B1B2046521BD5
:10A3D800338092B2BDE8F84002F084B9F8BD2DE9A7
:10A3E800F0410F4686B01646044678B1034601ACE4
:10A3F80000F110051868083353F8041C2246AB42D4
:10A4080003C21446F6D1186801AC10604FF000087A
:10A4180041463246204608F10108F9F7C1FD0546D4
:10A4280028B129683846F6F785F80028F0D128467B
:10A4380006B0BDE8F0812DE9F047DDF820801C4624
:10A448000F46002316469DF824902360236805468E
:10A45800BB421BD256F8230000F0C1FD2368824698
:10A4680018B1013328462360F0E7424656F8231016
:10A478002846FFF7B4FF48B123685A1C2260B9F197
:10A48800000FE3D08045E1D1554623602846BDE85A
:10A49800F087F8B50746FFF775FE054630BBF8BDEF
:10A4A80054B18AB22C1B01303944AA1AA5B200242F
:10A4B8003844013202F016F9334698B26A1E9042C7
:10A4C800EDDA3A5C5E1C202A02D0093A042AF3D855
:10A4D800B1B28BB29D42EFD97B5C202B02D0093BF5
:10A4E800042BDDD801340131A4B2F2E700231C4665
:10A4F800E3E7F8B58468064694F856302BB9B36894
:10A50800B3F85020A3F85220F8BD04F15600B4F86F
:10A518005030C21812F8012C202A1BD0093A042AFC
:10A5280018D90022C25413461D460133425D9BB21E
:10A538004119202AF8D0093A042AF5D9002DDED08D
:10A54800B4F850707A1C7F1B521B02F0CBF8A4F8A9
:10A558005070D4E7013B9BB2A4F85030002BD6D101
:10A5680084F85630CBE70EB403B503AA52F8041B9F
:10A578000192F9F701FD02B05DF804EB03B07047F2
:10A5880010B50446F5F7E8FFB4F85030628F13FAB7
:10A5980080F3B3FBF2F102FB1130B0FA80F040090E
:10A5A80010BD38B58468D4F874522046F5F7D4FF46
:10A5B800B4F85230C5F3400580B205FB0300638F41
:10A5C800B0FBF3F203FB1200B0FA80F0400938BD8B
:10A5D80010B50446FFF7E5FF18B9A068FFF7D0FFEC
:10A5E80020B16069BDE81040F9F74ABD10BDF8B563
:10A5F80084680546B4F8502004F13000B4F85210CD
:10A60800FFF7E0FDA868A78EE68EFFF7B9FF10B147
:10A618006869F9F735FDB74207D1218E2846638E60
:10A62800C91ABDE8F840F9F747BDE18E2846A38E60
:10A63800C91AF9F72BFDF0E7F8B5044680680D460E
:10A64800B0F852103030028C0D44FFF7BBFDA06803
:10A65800ADB2B0F8521030302A46FFF7A8FD0746D1
:10A66800A0682A46B0F852103030FFF791FD064630
:10A6780079422046F9F70AFD31462046F9F71CFDD4
:10A68800A368A3F85250F8BD2DE9F0410C1E064608
:10A6980036DA64424FF0FF3524B2A4B2AFB216E006
:10A6A800B3680022B3F852C003F1560EB3F85080D5
:10A6B800614681B96B1C02D0B8F1000F0FD1013C83
:10A6C800A1EB0C013046A4B209B2FFF7B5FF002C8C
:10A6D800E6D1BDE8F081884501D1012DEFD01EF803
:10A6E800013023F020004138192807D9303B092BC5
:10A6F80004D9002AE3D1394489B2DAE70122FAE71A
:10A708000125CAE78368B3F85210494209B2FFF736
:10A7180093BF8368B3F85010B3F85230C91A09B21E
:10A72800FFF78ABF8368B3F852301BB14FF0FF318F
:10A73800FFF782BF70478368B3F85220B3F85030F0
:10A748009A4202D20121FFF777BF70478268B2F8B8
:10A758005210A2F850108368B3F852201344002214
:10A7680083F85620F9F780BC10B504468068B0F825
:10A7780050203030418CFFF725FDA3682046198E04
:10A78800C1F10101F9F798FCA3682046998E0139B7
:10A79800F9F77CFC2046BDE81040F9F765BC2DE9C7
:10A7A800F041054686B00F4614460026A4B906B007
:10A7B800BDE8F081D3F878229207FBD503F51E7324
:10A7C800BFF35B8F53E8001F21F0020143E800123A
:10A7D800002AF7D1BFF35B8F68682246B91903686E
:10A7E800D3F80C806B46C047009A1644A41A002A76
:10A7F800DCD1AB68197D0329EED00229DAD803F53C
:10A808002B73012101A801F030FE4FF0FF324FF009
:10A81800FF33012101A8FDF7ABFFA86800F52B70F5
:10A8280001F051FED8E7FFF7BABFF7B51E468368B7
:10A8380015460446D3F87422D20613D593F83E2061
:10A848008A420FD0DB8FADF80430F9F787FC324627
:10A8580029466069F9F790FB01A92046F9F79EFCA3
:10A8680003B0F0BD32462946606903B0BDE8F04048
:10A87800F9F782BB0CB407B504AB53F8042B01936A
:10A88800FFF7D3FF03B05DF804EB02B070472DE982
:10A89800F0418768054688461446B7F85060B318F3
:10A8A800FF2B26DCB7F85230F61A5633B6B21F44DF
:10A8B80032463946381901F015FF224641463846D6
:10A8C80001F002FFAA68B2F850302344A2F85030D1
:10A8D800AB68B3F850201344002283F85620AB68C5
:10A8E800D3F87412890706D4B3F852201444A3F895
:10A8F8005240BDE8F08131462846BDE8F041F9F7FD
:10A90800CFBCFFF7C4BF38B505468068B0F8522001
:10A91800B0F85040A41AA4B29CB156321044224652
:10A92800411C01F0DFFEAA68611E2846B2F85030CB
:10A9380089B2013BA2F850300122BDE83840F9F74E
:10A94800AFBC38BD10B583680446B3F850205AB17F
:10A95800B3F8523043B14FF0FF31FFF76DFE204698
:10A96800BDE81040FFF7CFBF10BDF8B5C3695E69F9
:10A978005F6883683046D3F87452FEF788FF044650
:10A98800C5F3001550B1014605F10E023846FFF730
:10A99800DAF930462146FEF7CEFF0120F8BD4368BC
:10A9A8001B68D3E90632BFF35B8F53E800CF8C44B2
:10A9B80043E800C00028F8D1BFF35B8F9368BFF36A
:10A9C8005B8F53E8000F084443E80002002AF8D1DF
:10A9D800BFF35B8F70472DE9F843436807460D4680
:10A9E8001E68F369B268D3F81480D2F874429A6882
:10A9F800D3F80490C4F300141279012A03D0032A6F
:10AA08003FD0BDE8F883DA6840460B78590757BF4E
:10AA18002C6800246B88C4F34A2458BF04EB131431
:10AA28004FF00A0358BF1734A2FB03235CBF24F07E
:10AA38000704A4082146FEF78FFE814628B9384648
:10AA48000121BDE8F843FFF7AABF012CF7D9294631
:10AA5800026851F8043BC3F39D0363F39F0240F877
:10AA6800042B621E920001F02FFE40464946FEF775
:10AA7800EFFEB06800F523700021BDE8F843FDF74C
:10AA8800CFBE304604F10E07FFF76EFE01F00BFA59
:10AA9800044600B3EFF31184102383F31288BFF345
:10AAA8006F8FB368D3F878321A051ED53A4629460F
:10AAB8004846FFF748F9B368D3F878321B0502D443
:10AAC8003046F9F763FC01F0EEF990B184F3118890
:10AAD800BFF36F8F95E7B06800F543704FF0FF3212
:10AAE8004FF0FF33FCF78EFEDBE73046FFF73CFE06
:10AAF800DCE7B06800F54370BDE8F843FCF7FABE40
:10AB080013460A4610B50C4601461846FFF78BFE59
:10AB1800204610BD70B504460D461646D0E904100F
:10AB2800FEF7F9FD324629462068F7F705FB63680A
:10AB380000225B685D60A3681A600122A3681A712D
:10AB480070BD10B504460068FFF728F80222A36814
:10AB58001A7110BD10B5436801211C68606803684C
:10AB68009B68984750BBE36903229B681A71A368E6
:10AB7800BFF35B8F03F51E7353E8001F41F40051C8
:10AB880043E80012002AF7D1BFF35B8FA068B0F842
:10AB980050203030418CFFF715FB4FF0FF31204635
:10ABA800F9F774FAA3682046198E4942F9F784FA2E
:10ABB8002046FFF7DAFE0028FAD110BDE069BDE8AB
:10ABC8001040FFF7BEBF73B50368044600218268D2
:10ABD8005B681D68AB68D3F87432BFF35B8FC3F34F
:10ABE800001352E8006F42E800100028F9D1BFF3C3
:10ABF8005B8F26B14BB931466068F7F753FD28469D
:10AC080002B0BDE87040FFF7B0BEAB68284601212E
:10AC1800DB8FADF80430F9F7A1FA31466068F7F731
:10AC280041FD01A92846F9F7B9FAE8E70EB403B5DA
:10AC380003AA52F8041B0192F9F79EF902B05DF8D5
:10AC480004EB03B070472DE9F843054690460E46DD
:10AC5800002967D00024335D202B23D0093B042B27
:10AC680020D9304606EB0409F5F776FCAB6880B2CC
:10AC7800598F001BA1EB0803984215D948460027B5
:10AC880010F8012B202A06D0A2F1090CBCF1040F00
:10AC980002D80A2A2DD03B4608EB0702914227D951
:10ACA8000137EDE70134D6E74B460027B84214D008
:10ACB80013F8012B0A2A19D168690134FFF738FA09
:10ACC80049463A462846FFF76AFD6869F9F776FB70
:10ACD800414628463C44F9F7EFF968693119FFF70E
:10ACE800A5FF6869BDE8F843F9F768BB0137DDE7F8
:10ACF8001F4668693C44FFF71BFA3A46494628460E
:10AD0800FFF74DFD335D202B02D0093B042B01D802
:10AD18000134F7E76869F9F751FB41462846F9F726
:10AD2800CBF99EE7BDE8F8830020704783690020CF
:10AD3800186070470EB403B503AA52F8041B0192B9
:10AD4800F9F71AF902B05DF804EB03B0704708B5DB
:10AD58000168FFF79DF9002008BD8368BFF35B8F8A
:10AD680003F51D7353E8001F21F0200143E800128A
:10AD7800002AF7D10020BFF35B8F70478368BFF3C9
:10AD88005B8F03F51D7353E8001F41F0080143E88A
:10AD98000012002AF7D10020BFF35B8F7047836849
:10ADA800BFF35B8F03F51D7353E8001F21F01001FB
:10ADB80043E80012002AF7D10020BFF35B8F7047E9
:10ADC8008368BFF35B8F03F51D7353E8001F21F001
:10ADD800080143E80012002AF7D10020BFF35B8F77
:10ADE80070478368BFF35B8F03F51D7353E8001F3B
:10ADF80021F0020143E80012002AF7D10020BFF336
:10AE08005B8F70478368BFF35B8F03F51D7353E84F
:10AE1800001F41F0100143E80012002AF7D100207A
:10AE2800BFF35B8F70478368BFF35B8F03F51D73B8
:10AE380053E8001F41F0200143E80012002AF7D12F
:10AE48000020BFF35B8F70478368BFF35B8F03F508
:10AE58001D7353E8001F41F0020143E80012002A65
:10AE6800F7D10020BFF35B8F704708B58368D3E93B
:10AE780000210A60516000211A89C3E900115B8929
:10AE880000681A440C32FEF726FE012008BD002394
:10AE9800C3607047F8B51F460346164653F8044F7B
:10AEA8009C4202D100203880F8BDC568B1B9002D98
:10AEB800F8D0AC4202D10023C360F3E76C68C460E9
:10AEC800002CEFD0228904F10C01304601F0FCFB84
:10AED8002389002201203B80F254E5E7002DEED0C3
:10AEE8008368AB42E7D02C68E9E738B50446051D0E
:10AEF8006368AB4204D02046FFF7B7FF0028F7D1BC
:10AF080038BD2DE9F04F02F10C05036885B0044601
:10AF1800C5F10009DB691746019109F003094D44A1
:10AF28009D4210D80023C3606AB100F1040A466844
:10AF3800B2450BD05EB13389934208D106F10C00BB
:10AF480001F00AFB18B905B0BDE8F08F1E464FF0B6
:10AF58000008236819699A6891422A4603A901BF23
:10AF6800C3F80480C3F81080C3E90288C3E90588E0
:10AF78002068FEF728FD854283461ED92A4603A984
:10AF88002068FEF720FD854218D172895A44AB44E7
:10AF98007281039D3A46019905F10C002F81A5F8AD
:10AFA8000A9001F091FB62685946C5E9002A55608C
:10AFB80065602068FEF727FDC5E7EAD00021206814
:10AFC800FEF721FD63689A45C3D02046FFF74DFF81
:10AFD800BFE7031DC0E901330023C360704710B504
:10AFE800044628B1F5F7B8FA002380B2984201D890
:10AFF800002010BDE25C3F2A03D02A2A01D0013389
:10B00800F4E70120F5E710B5044680684FF4807234
:10B01800002100F5AB7001F07FFBA068B0F850206C
:10B0280000F1560100F5AB7001F04EFBA06800F589
:10B03800AB70FFF72EFAA46804F5AB70F5F78CFA3D
:10B048000130A4F8540010BD10B504468068B0F86B
:10B05800542000F5AB71563001F036FBA368B3F805
:10B068005420A3F8502010BD01460068F9F746BCEB
:10B078000A460121FEF704BE00210120F9F73EBC73
:10B0880061B662B680F31188BFF36F8F704772B6EE
:10B09800002383F31188BFF36F8FBFF34F8F30BF47
:10B0A80062B6BFF36F8F7047202809D9B0F1004FFF
:10B0B80008D80138B0FA80F0C0F11F00400070478E
:10B0C800082070473E20704708B5D1E904319847F9
:10B0D800002008BD08B5FAF767FA002008BD0B077D
:10B0E80004D5A0F14103192B98BF203070472DE9F2
:10B0F800F04F85B08A4615460446029300283ED094
:10B1080000293CD0002B00F00B810A46A0462946B6
:10B1180018F8010BFFF7E3FF0346C0B217783F2882
:10B12800064627D013F0C00F0BD1C8B12A2837D054
:10B1380029463846FFF7D3FF864202F101022DD097
:10B148001DE05B2879D05C28F2D1EB07F0D4607859
:10B15800FFF7C5FF10F0FF0618BF04F10208E7E784
:10B16800EC0601D52F2F02D0381E18BF012005B0DC
:10B17800BDE8F08F1FB12F2F03D1A8070DD50120EF
:10B18800F5E72E2F09D1690707D55245F7D0AB0748
:10B1980003D512F8013C2F2BF1D001324446B5E714
:10B1A8006078FFF79CFFC1B22A2918D02E2F09D149
:10B1B8006F0707D55245E2D0AE0703D512F8013C18
:10B1C8002F2BDCD079B915F00200D0D0ED0600F1B4
:10B1D800A9802F21104601F0CFF90038C5E729468C
:10B1E80018F8010FDDE72F2908D1AC0706D510465E
:10B1F80001F0C2F902460028D0D1C0E7029B1646EA
:10B2080025F0040A05F0020703F1FF39B346294681
:10B2180001369BF80000FFF762FF10F0FF04AED084
:10B228004B46524659464046FFF761FF01289ED1DA
:10B238002F2CEBD1002FE9D099E7002F9FD02F2F8B
:10B2480001D1A8079BD43846FFF749FF63788146A8
:10B25800212B01D05E2B1DD102340123294614F87D
:10B26800010B0193FFF73BFFC6B25D2E15D04FF0DF
:10B27800000B2F2E48D05C2E07D1EB0708D42946A7
:10B2880014F8010BFFF72BFFC6B2002E3FF477AF7F
:10B29800234605E044460023E0E723464FF0000B31
:10B2A80021782D2937D1294660780393FFF717FFB6
:10B2B80010F0FF00039B18D05D2816D05C2804F11D
:10B2C80002030CD115F0010F09D1E31CA0780393F8
:10B2D800FFF705FF10F0FF003FF451AF039B4E4509
:10B2E80003DC4845A8BF4FF0010B1C46294614F85B
:10B2F800010BFFF7F4FEC6B25D2EBAD1019B5B4588
:10B308003FF43DAF611C03D15B2F7FF438AF444657
:10B318000132A04642E74E4508BF4FF0010BE4E773
:10B32800032024E7084622E74023FFF7E0BE08B5DC
:10B33800062201210020FAF75DFA002206201146B4
:10B34800F9F700FF012107220846FAF753FA00220D
:10B3580007201146F9F7F6FE082201210220FAF724
:10B3680049FA002208201146F9F7ECFE09220121CA
:10B378000320FAF73FFA002209201146F9F7E2FE06
:10B388000A2201210420FAF735FA00220A20114680
:10B39800F9F7D8FE052117220846FAF72BFA0022FA
:10B3A80017201146F9F7CEFE282206210A20FAF7BF
:10B3B80021FA002228201146F9F7C4FE002008BD12
:10B3C80010469161FCF7D2BA38B50D4614460022F2
:10B3D80000232046FCF766F928B121462846BDE837
:10B3E8003840FAF783BA38BDF0B4D0F808C082689C
:10B3F8000C88158E8368A54228D85D8FA54225D371
:10B408004D88568EAE4221D89E8FAE421ED38E886E
:10B41800958EB5421AD8DD8FB54217D3CD88D78E11
:10B42800AF4213D8B3F84070AF420FD30F89128FD1
:10B43800BA420BD8B3F84230BB4207D3B44205D85E
:10B44800AC4203D8DCF81030F0BC18476FF0850028
:10B45800F0BC704710B50C46114623681BB16268F2
:10B4680098470023236010BD43685B6921B10069D8
:10B47800007950B9042008702AB19969090C117033
:10B488009B691B0E5370002070479869400701D5CF
:10B498000320F0E79869800701D50220EBE7986957
:10B4A80010F0010018BF0120E5E70B2300200B6016
:10B4B800704700290CBF0E2007207047436810B55D
:10B4C80004695B69C4E902125A6919B922F4E06295
:10B4D8005A6110BD42F4E062FAE7FEF7D1BB0022E0
:10B4E80010B5114604461420F9F72CFE1420F9F77C
:10B4F8001BFE002213201146F9F724FE1320F9F74A
:10B5080013FE002216201146F9F71CFE1620F9F743
:10B518000BFE636943F4044343F01303636110BDF6
:10B52800F8B54368064607695C69A569A36805F02C
:10B53800040503F001032B4317D0A368980758D4D8
:10B54800A368190757D4A3685B0757D4002D0CBF0D
:10B558006FF004026FF07102A36807F13C013046F6
:10B5680043F00103A360FFF775FFA36803F480733A
:10B578002B4317D0A368980543D4A368190542D470
:10B58800A3685B0542D4002D0CBF6FF004026FF076
:10B598007102A36807F14401304643F48073A36045
:10B5A800FFF758FFA36803F480332B4317D0A36831
:10B5B80098032ED4A36819032DD4A3685B032DD454
:10B5C800002D0CBF6FF004026FF07102A36807F141
:10B5D8004C01304643F48033A360FFF73BFFA36878
:10B5E80013F0E05F1DD007F12400BDE8F840FCF738
:10B5F800BDB90022B0E76FF00402ADE76FF00F02AB
:10B60800AAE70022C5E76FF00402C2E76FF00F0255
:10B61800BFE70022DAE76FF00402D7E76FF00F0206
:10B62800D4E7F8BDFFF77CBF2DE9F3414368044632
:10B638005E6973685B071BD5FFF772FF25690DF11B
:10B64800030101AA2046D5E90278FFF70DFF9DF80E
:10B65800031095F8FC308B4206D085F8FC101FB11A
:10B668004346019A2046B847736843F00403736061
:10B6780002B0BDE8F081FCF7C5B8FCF73BB9082873
:10B6880009D84FF4B573C34013F0010F14BF00205D
:10B698006FF0850070476FF0850070470B6882B0C7
:10B6A800A3F13002782A12D803F18043486803F5E1
:10B6B8000E331A68024300201A600B6803F18043B6
:10B6C80003F50E331B680193019B02B070476FF0BE
:10B6D8008500FAE70B68A3F13002782A0AD803F14B
:10B6E80080434968002003F50E331A6822EA0102F4
:10B6F8001A6070476FF08500704710B50868FFF74B
:10B70800BEFF002820DB4A68FF2A1CD0D3B2C2F350
:10B718004234C2F3042203F1804304FA02F203F52F
:10B728000E33186820EA02021A604968CBB2C1F3E6
:10B738000242C1F3042103F180438A4003F50E332A
:10B74800186802431A60002010BD086808B5A0F107
:10B758003003782B0AD800F180404B6800F50E3092
:10B768000268934314BF0120022008BDFFF787FF3A
:10B77800002814BF01200220F7E770474368002023
:10B788005B681B690B60704743685B685869424097
:10B798000A40424000205A617047436800205B68B5
:10B7A800996170474368090400205B689961704794
:10B7B800436800205A6853694B405361704710B57D
:10B7C80003699868F8B1884219D1DC680868A14211
:10B7D800986000D1D860002008602AB19A680A6091
:10B7E800DA68996002B9D960002010E0814206D178
:10B7F80008682060D8688142EDD1DC60EBE7044638
:10B8080000680028F2D1002AE8D16FF0150010BDB9
:10B81800F0B5446801201E46C2F38013676888406B
:10B828008B404FF0030E27EA000702F030053B4338
:10B83800202D90FAA0F7B7FA87F76360D4F808C00C
:10B84800C2F3C1134FEA4707C2F341220EFA07F7C2
:10B858002CEA070C90FAA0F7B7FA87F74FEA4707E0
:10B8680003FA07F343EA0C03A36090FAA0F3B3FAD0
:10B8780083F3E7684FEA43030EFA03F327EA030763
:10B8880090FAA0F3B3FA83F34FEA430302FA03F200
:10B8980042EA0702E26016D107292BDC226A90FAF5
:10B8A800A0F32BB3B3FA83F39B000F2101FA03F340
:10B8B80022EA030290FAA0F3B3FA83F39B0006FA94
:10B8C80003F31343236290FAA0F3B3FA83F303213B
:10B8D80090FAA0F05B00B0FA80F022682D0901FA16
:10B8E80003F3400022EA030385401D432560F0BDB1
:10B8F8002B46D9E7030A616A93FAA3F282B1B2FA36
:10B9080082F292000F2793FAA3F3B3FA83F307FAAC
:10B9180002F29B0021EA02029E4016436662D2E7C9
:10B928002A46EEE738B5044690030D46134617D568
:10B9380091070ED55A072ED55022D8060BD542F4BA
:10B94800007219031AD5616801234968AB408B61FD
:10B958000DE01022F1E79906F3D542F48062F0E792
:10B96800DA0313D5D80613D4C3F340139A026068D8
:10B9780000232946FFF74CFF002038BD5B03F6D5AE
:10B9880001212046A940FFF70DFFF0E73022EEE73E
:10B998004FF40072EBE76FF08500EEE70B4670B5E9
:10B9A800896821B101255E680C68854001B970BDC0
:10B9B8008A682A4002D04B68304698471CB12368F1
:10B9C80021461C46F2E72346FAE7F8B51F46044627
:10B9D80040680E461546FFF71BFF112F07D10121BE
:10B9E8002B0501FA06F104D563685B6899610020AC
:10B9F800F8BD2046FFF7D6FEF9E730B503681360B7
:10BA08000579046804EBC504A34202D36FF0010072
:10BA180030BD5C798C4201D00833F0E70020F7E7AD
:10BA28004368C1F34B1001F01F011B68C058012384
:10BA38008B4003424FF0000014BF01230023137012
:10BA4800704710B54368C1F34B1001F01F011A6825
:10BA5800012384588B4023438350002010BD10B528
:10BA68004368C1F34B14012201F01F0118688A4092
:10BA7800235823EA02032350002010BD38B504469A
:10BA88000D46FFF7DEFF29462046FFF7E8FF0020B6
:10BA980038BDB0F5805F07D0B0F1805F09D10029CB
:10BAA80014BF012002207047002914BF032004207E
:10BAB8007047002914BF02200320704743681B68A1
:10BAC800D869DA69C0F3C000D107DA6948BF40F025
:10BAD80002009207DA6948BF40F004005107DA69AA
:10BAE80048BF40F02000D20504D54FF4807240F0E2
:10BAF80008001A62C10701D508221A62820701D517
:10BB080001221A62410701D502221A62820601D572
:10BB180004221A62704743681A6852E8003F43F0EB
:10BB2800400342E800310029F7D1704743681A689A
:10BB380052E8003F23F0400342E800310029F7D1E2
:10BB4800704743681A6852E8003F43F0200342E810
:10BB580000310029F7D1704743681A6852E8003F5E
:10BB680023F0200342E800310029F7D170474368E9
:10BB78001B68D869C0F340107047012070470369FB
:10BB8800C3E902127047026993680BB1D16818477C
:10BB980070470022252008B51146F9F7D3FA252069
:10BBA800BDE80840F9F7C0BA0022472008B5114699
:10BBB800F9F7C8FA4720BDE80840F9F7B5BA43686D
:10BBC8001B68D869C0F38010704743681B68D86940
:10BBD80010F0800002D01868C0F38010704710B5CC
:10BBE800026904460B46526812680A604268126885
:10BBF800126802F4C062B2F5806F33D0A2F5C0605B
:10BC0800424242411A7162681268526802F4405214
:10BC1800B2F5805F28D0B2F5405F27D0002A0CBF6C
:10BC2800012203225A71626812681068116800F0D4
:10BC3800102001F4C061FFF72CFF987162680020A2
:10BC48001268926802F44072A2F540714A424A4171
:10BC5800DA7161680968896811F4804F18BF032296
:10BC6800DA7110BD0222CDE70022DBE70222D9E714
:10BC780037B502690C46436810681D68D96883683F
:10BC8800DB681BB9FAF71CFF03B030BD01AA98475F
:10BC98000028F7DB2B6823F400432B60019B03EBA0
:10BCA8005403B3FBF4F39BB2EB60EDE7F8B54368DC
:10BCB8000D461B681868196800F0102001F4C0616F
:10BCC800FFF7E7FE04281BD0D86910F0800016D0D3
:10BCD800EFF31186102181F31288BFF36F8F0021D3
:10BCE800CCB2A242204606DDDF6901313F0602D50B
:10BCF800285D9862F4E786F31188BFF36F8FF8BD6B
:10BD08006FF08500FBE710B5436810201B68DA69FF
:10BD18001206FCD5EFF3118280F31288BFF36F8F00
:10BD2800DC69240604D482F31188BFF36F8FEEE731
:10BD3800996282F31188BFF36F8F10BD43681B6847
:10BD4800DA69910602D51A68920607D4D86910F004
:10BD5800400004D01868C0F3801070470120704775
:10BD6800F8B543680D461B681868196800F010207C
:10BD780001F4C061FFF78DFE042810D000240826C6
:10BD8800E1B28A4208460CDDDF69BF0609D5586A68
:10BD98006854D969090700D51E620134F0E76FF0CD
:10BDA8008500F8BD43681B68DA69100701D50822C9
:10BDB8001A62DA69920603D55B6A00200B70704735
:10BDC8004FF0FF3070474FF0E022136923F0010372
:10BDD8001361704738B5044648B1FBF7CBF9D8234F
:10BDE80005465C43FBF7C6F9431BA342FAD338BDAB
:10BDF800704740B1C368587810F001001EBF18782A
:10BE0800B0FA80F040097047EFF31183102383F3F1
:10BE18001288BFF36F8FFEE710B5D0E9003433B94D
:10BE28000020E268537843F00103537010BD2046A8
:10BE380098470028F4D00028E368B8BF4042FF289C
:10BE4800A8BFFF201870ECE700F066BC00F03CBC0F
:10BE58007047102408B5EFF3118384F31288BFF3F9
:10BE68006F8FFFF714F9F6E790F90E308B4201D087
:10BE7800FCF724B80020704703460020C3E90033CC
:10BE8800C3E9020070475AB18A4209D300F110038E
:10BE9800C0E90212C0E90000C0E90433002070477D
:10BEA8006FF015007047EFF30580003818BF0120C8
:10BEB800704788307047FCF757B8002310B58B429D
:10BEC80002D10020136010BDC45CAA2CF9D1013343
:10BED800F5E70A46D0E92A01FFF7EFBFFCF7D4BC23
:10BEE80008B520B119B1FCF73BFD002008BD6FF083
:10BEF8001500FBE710B5044686B028B318220021C8
:10BF080000F00AFC69460020FCF7E8FC00990020D4
:10BF1800D4E900325B18019942EB01020299C4E9A5
:10BF28000032D4E902325B18039942EB010204990A
:10BF3800C4E90232D4E904325B18059942EB0102E4
:10BF4800C4E9043206B010BD6FF01500FAE7D0E975
:10BF5800003213605A600023C0E90033704708B507
:10BF6800FFF7F5FF437B23F002034373002383604D
:10BF780008BD38B504460D46FBF776FE637B43F0F3
:10BF880002036373E5B1A5602B689D4209D16B6814
:10BF9800C4E900531C606C6012E06A689A42F6D0EB
:10BFA8001B68002BF3D094F90E2093F90E108A42E7
:10BFB800F3D09142F1DD5A68C4E9003214605C6044
:10BFC80038BD90F90E3091F90E00834214BFC01AA3
:10BFD8000020704710B5EFF31184102383F3128803
:10BFE800BFF36F8FFBF758FE84F31188BFF36F8F91
:10BFF80010BD10B50446183000F0D7F8EFF31181E2
:10C00800102383F31288BFF36F8F627B1A4004D02A
:10C0180081F31188BFF36F8F10BD2046BDE8104033
:10C02800FBF76EBE08B5EFF31181102282F3128878
:10C03800BFF36F8F83680BB1FFF791FF81F311880E
:10C04800BFF36F8F08BD38B50446EFF31185102391
:10C0580083F31288BFF36F8F437B13F0280F0BD144
:10C0680083680BB1FFF77BFF637B51B903F0FB03D8
:10C0780020466373FBF710FE85F31188BFF36F8FBB
:10C0880038BD03F0EB03F3E701211838FFF7DBBFF6
:10C0980008B50346EFF31181102282F31288BFF32B
:10C0A8006F8F0068834207D008B1FFF758FF81F30C
:10C0B8001188BFF36F8F08BD0020F8E738B5EFF39C
:10C0C8001185102383F31288BFF36F8F0468A04291
:10C0D8000DD034B12046FFF742FF04F1180000F0FC
:10C0E80064F885F31188BFF36F8F204638BD0024AC
:10C0F800F7E7014610B5EFF31184102383F3128894
:10C10800BFF36F8F83680BB1FFF729FF84F31188A2
:10C11800BFF36F8F01F11800BDE8104000F045B87B
:10C12800EFF31181102282F31288BFF36F8F027B25
:10C13800D2070CD581F31188BFF36F8F002383F3E7
:10C148001188BFF36F8F0423184602DF7047437BC3
:10C158001B0704D581F31188BFF36F8F7047012245
:10C16800FBF7CEBD38B5EFF31185102383F31288A2
:10C17800BFF36F8F0468A04213D0A4B1C4F8C010F5
:10C1880020466261FFF7EBFE04F1180000F00DF89D
:10C198002046FBF781FD012085F31188BFF36F8FDF
:10C1A80038BD0020F8E72046F6E710B5EFF3118414
:10C1B800102282F31288BFF36F8F03683BB1FCF73C
:10C1C800F5F8002084F31188BFF36F8F10BD6FF06E
:10C1D8001500F7E708B5FCF709FA08BDFCF706BA39
:10C1E8000023C0E9081200F1180203634363C0E9A1
:10C1F8000622C0E90033704710B50446FFF7D5FFA3
:10C20800A8B9636A0BB12046984704F11800FFF7F4
:10C218003FFF60B1FFF7DEFEEFF31180102383F3D9
:10C228001288BFF36F8FBDE81040FBF7BBBE10BD8F
:10C238001423F0B503FB010000244FF48B7610277C
:10C2480001B9F0BD10F8073CA0F1140C40F80C4CF3
:10C2580003F03F03082B0CD826FA03F3DB0708D5B5
:10C2680050F8143C2BB150F8105C2B605D6040E92D
:10C27800054482F31188BFF36F8FEFF3118287F3C0
:10C288001288BFF36F8F01396046D9E7F8B50D46BC
:10C298000446D0E90013884205D16368C5E9004324
:10C2A8001D6065601DE0002BF7D0986800B17038FC
:10C2B800A2F170073946FFF784FE0028EDDC2668F6
:10C2C800B442EAD0002EE8D0B16801B170393846DE
:10C2D800FFF777FE002805DD7368C5E900631D6078
:10C2E8007560F8BD63689E42D7D03668EAE72DE9E5
:10C2F800F74F00258B46144682462E464FF010080D
:10C308002F4601935D4503DB304603B0BDE8F08F4F
:10C31800EFF3118988F31288BFF36F8F9AF80D3005
:10C3280003F03F03013B072B0FD8DFE803F01F049E
:10C338000E0A0E0E0E26DAF810309B682BB1022377
:10C3480021E0DAF810301B688BBB019B3BBB2378DC
:10C358002BB39AF80D3003F03F03013B072B2FD87E
:10C36800DFE803F032272E272E2E2E37DAF810308A
:10C378009B68002BE9D0012305E0DAF810301B6A2E
:10C38800002BE2D01023DAF80C20CAF80870C2F3A8
:10C3980086310B4363F39432CAF80C20277089F373
:10C3A8001188BFF36F8F01350AF1140AAAE7042335
:10C3B800E9E7DAF81000224651461030FFF766FF29
:10C3C8000136CAF80840EAE722465146DAF8100072
:10C3D800F4E7DAF81000224651462430EEE72DE95A
:10C3E800F041846805460E46ECB16378012B25D1EF
:10C3F80014F8633C9A0714D5A4F170073846FFF780
:10C4080078FE082E0CBF6FF003030023236514F891
:10C41800633CDB0605D154F8583C13B93846FFF79E
:10C42800D9FD00232370EB680020C3F38632A8608F
:10C43800164366F39433EB60BDE8F081022BF0D12C
:10C448002378002BEDD054F8048CB8F1000FE8D015
:10C4580004F11400A4F11407FFF7A7FE00233946DE
:10C468004046E36200F061F8DBE75205090202F496
:10C47800001201F47C510A43017B10B50A430024E1
:10C48800C0E90323846010BD034610B5EFF311849F
:10C49800102282F31288BFF36F8F0068834208D09E
:10C4A800D0E9003213605A600023C0E90033FFF777
:10C4B80096FF84F31188BFF36F8F10BD0023C0E986
:10C4C80000008360704700238360704783680B60B7
:10C4D800C3681360704710B583691A7A52B1D0E9FE
:10C4E8000242944206D0D3E90020521840F10000DD
:10C4F800C3E9002010BD10B400F10C04C0E90344E6
:10C5080010BCFCF76CBF012302688B4022EA0303CE
:10C51800036022FA01F000F00100704720B1002208
:10C52800D0301146FFF71EBE704713B5019008467C
:10C53800EFF31184102383F31288BFF36F8F01A9DF
:10C54800FCF71EFB84F31188BFF36F8F02B010BD98
:10C558000A220021FCF7D6BB10B5013902449042EB
:10C5680001D1002005E0037811F8014FA34201D062
:10C57800181B10BD0130F2E7C9B20346184613F87C
:10C58800012B12B18A42F9D17047002918BF002047
:10C59800704710B56AB10139841810F8012B11F8E9
:10C5A800013F9A4203D1A04201D0002AF5D1D01A06
:10C5B80010BD1046FCE710B50139044632B111F838
:10C5C800013F00F8013B013A002BF7D1002100F0B0
:10C5D800A3F8204610BD10B5024601448A4213460E
:10C5E80003D01C780132002CF8D1181A10BD0A7833
:10C5F80070B56AB970BD9A4209D10C46054614F85F
:10C60800013F002BF6D015F8016F9E42F7D001309C
:10C618000378002BEFD11846ECE7F0B5C3F13707E4
:10C628000446FFB203F01F031046082BE6B233D0CE
:10C63800102B3ED06508A40844EA817445EAC17508
:10C648002D194FEA910242EB5102290941EA027180
:10C658006D1842EB1212290A41EA02616D1842EB89
:10C668001222290C41EA02416D1842EB1242AD1820
:10C6780042F10002EC0844EA4274D10804EB840257
:10C68800A6EB4205EDB2092D0CD90134A5F10A0536
:10C6980041F10001EDB212E0E40844EA417406F009
:10C6A8000705C908303554EA010200F8015BBCD11E
:10C6B800F0BD240944EA017406F00F050909092DA3
:10C6C80084BFED19EDB2EDE70A44914200F1FF3362
:10C6D80000D1704710B511F8014B03F8014F914292
:10C6E800F9D110BD884210B501EB020402D9844289
:10C6F800234607D8431EA14208D011F8012B03F89E
:10C70800012FF8E7024401468A4200D110BD13F810
:10C71800014D02F8014DF7E702440346934200D168
:10C72800704703F8011BF9E7D1E9043293421EBFB1
:10C738005A1C0A6118707047014800687047000069
:04C748002015012097
:08C74C00503BFF7F01000000DB
:10C7540055180008000000003D66000824C80008C1
:10C764004118000800000000ED89000800000000E6
:10C774000000000038C800081D68000888C80008C8
:10C7840037B300084CC800081D68000800C9000839
:10C794001D68000828C900081D68000860C8000852
:10C7A4001D68000814C900081D680008ECC80008CA
:10C7B4001D680008D8C800081D680008C4C800081F
:10C7C4001D680008B0C800081D6800089CC800085F
:10C7D4001D68000874C80008196C000850C90008D6
:10C7E400196C00083CC90008CD670008000000006F
:10C7F400B96F0008000000001D1B000800000000C5
:10C804001156000800000000118A00080000000012
:10C814000963000864C900088D2F000800000000A7
:10C82400D1FC000800000000C8D50008D600012093
:10C834000000000078FD000824D7000828D700086D
:10C84400EE0001200000000026FA000800000000AD
:10C8540000000000D20001204C150120DEFC00087D
:10C86400E4D50008C0D60008D8000120E016012055
:10C87400ECFC0008F8D50008C0D60008DA00012056
:10C88400F0160120FAFC00080CD60008C0D60008F7
:10C89400DC0001200017012008FD000820D6000854
:10C8A400C0D60008DE0001201017012016FD000884
:10C8B40034D60008C0D60008E0000120201701206B
:10C8C40024FD000848D60008C0D60008E200012074
:10C8D4003017012032FD00085CD60008C0D60008DD
:10C8E400E40001204017012040FD000870D6000834
:10C8F400C0D60008E6000120501701204EFD0008B4
:10C9040084D60008C0D60008E80001206017012082
:10C914005CFD000898D60008C0D60008EA00012093
:10C92400701701206AFD0008ACD60008C0D60008C4
:10C93400EC0001208017012014FE000838D70008FD
:10C94400D8D70008F00001207C00012024FE000854
:10C9540088D70008D8D70008F200012094000120ED
:10C96400BAFC000838D5000884D50008D40001209A
:04C97400CC150120BD
:10C978000000000081B000080000000081B000083D
:10C988000000000081B000080000000081B000082D
:10C998000000000081B000080000000081B000081D
:10C9A80024FA0008B157000822FA0008B157000815
:10C9B80020FA0008B15700081EFA0008B15700080D
:10C9C8001CFA0008B15700080000000081B00008F8
:10C9D8000000000081B000080000000081B00008DD
:10C9E8000000000081B000080000000081B00008CD
:10C9F8000000000081B000080000000081B00008BD
:10CA08000000000081B0000864C900082DB60008C5
:10CA180064C90008395C00080000000081B0000803
:10CA280064C9000831B600081AFA0008B1570008AE
:10CA38000000000081B000080000000081B000087C
:10CA48000000000081B000080000000081B000086C
:10CA58000000000081B000080000000081B000085C
:10CA68000000000081B000080000000081B000084C
:10CA78000000000081B000080000000081B000083C
:10CA88000000000081B000080000000081B000082C
:10CA98000000000081B0000850C900088FBB0008E2
:10CAA8000000000081B000080000000081B000080C
:10CAB80018FA0008B15700080000000081B000080B
:10CAC8000000000081B000080000000081B00008EC
:10CAD8000000000081B000080000000081B00008DC
:10CAE8000000000081B000080000000081B00008CC
:10CAF8000000000081B000080000000081B00008BC
:10CB08000000000081B000080000000081B00008AB
:10CB18000000000081B000080000000081B000089B
:10CB28000000000081B000080000000081B000088B
:10CB38000000000081B000080000000081B000087B
:10CB48000000000081B000080000000081B000086B
:10CB58000000000081B000080000000081B000085B
:10CB68000000000081B000080000000081B000084B
:10CB78000000000081B000080000000081B000083B
:10CB88000000000081B000080000000081B000082B
:10CB98000000000081B000080000000081B000081B
:10CBA8000000000081B000083CC900088FBB0008E5
:10CBB8000000000081B000080000000081B00008FB
:10CBC8000000000081B000080000000081B00008EB
:10CBD8000000000081B000080000000081B00008DB
:10CBE8000000000081B000080000000081B00008CB
:10CBF8000000000081B000080000000081B00008BB
:10CC08000000000081B000080000000081B00008AA
:10CC18000000000081B000080000000081B000089A
:10CC28000000000081B000080000000081B000088A
:10CC38000000000081B000080000000081B000087A
:10CC48000000000081B000080000000081B000086A
:10CC58000000000081B000080000000081B000085A
:10CC68000000000081B000080000000081B000084A
:10CC78000000000081B000080000000081B000083A
:10CC8800B8020120401C012000080000CD06000861
:10CC98000000000000000000000000000500000087
:10CCA80000000000A8DA00080000000000000000F2
:10CCB800F0010120001801200004000059060008B6
:10CCC8000000000000000000000000000600000056
:10CCD800000000009DDA00080000000000000000CD
:10CCE8008003012080240120000400001D1000089A
:10CCF8000000000000000000000000000700000025
:10CD08000000000097E2000800000000000000009A
:10CD180048040120C028012000040000A11A0008CE
:10CD28000000000000000000000000000E000000ED
:10CD38000000000052E400080000000000000000AD
:10CD4800A6FA000803000000D6DB00080300000074
:10CD5800C7FC00080300000042E3000803000000CD
:10CD680057DC00080300000011FA00080300000067
:10CD78006AE40008030000006EE4000803000000F5
:10CD8800B7DA000803000000B5F900080300000046
:10CD980029FF000803000000C2DC000803000000AF
:10CDA800C5EC000803000000CBEC000803000000FD
:10CDB800CBFC00080300000052E400080300000058
:08CDC80034FE00080300000026
:10CDD00028D20008F0110120D6EC00080000000065
:10CDE000E9EC000840000120F811012010000120AA
:10CDF00002000000ACD1000898110120C0D1000849
:10CE000068010120CBEC0008180A01204030012005
:10CE1000B0CE000894D2000814D1000854D1000804
:10CE200018CF000814D200086CD2000808D00008FF
:10CE3000A8D2000858D2000844D2000880D20008C6
:04CE40006CCF0008AB
:10CE440000000000000000000000000000000000DE
:04CE540000000000DA
:10CE580023010000FF07000000000000440000005C
:10CE6800004000008FFF0008000100001B5B4A0023
:10CE7800001B5B4800001B5B324A00001B5B4A003A
:10CE8800001B5B6D00001B3700001B3800001B5B9C
:10CE98003F336C00001B5B4800001B5B324A0000FC
:10CEA8001B3700001B3800002DE1000831E10008A5
:10CEB800C4CE00080000000000000000C8CE000832
:10CEC80048E100084CE10008000000000D0F0008D0
:10CED8000000000079E100087EE100080000000081
:10CEE800910E000800000000B3E10008BAE1000854
:10CEF80000000000F50D0008000000000000000020
:10CF08000000000000000000000000000000000019
:10CF1800F4E10008F8E100082CCF00080000000048
:10CF28000000000030CF000830F900080EE20008C9
:10CF380000000000910D0008000000002DE200082C
:10CF480033E2000800000000750D00080000000032
:10CF580000000000000000000000000000000000C9
:10CF68000000000050E2000858E2000880CF0008E6
:10CF7800000000000000000084CF00086DE20008F7
:10CF880074E2000800000000610F000800000000C3
:10CF98000000000000000000000000000000000089
:10CFA80000000000D8050120000100008B9B00084C
:10CFB800219B0008020000000000000053E5000863
:10CFC8005BE5000800000000000000000000000011
:10CFD80063E5000867E500086BE500086FE50008F1
:10CFE80073E5000800000090000000100000000237
:10CFF8008FE50008000000C00000000100001000DC
:10D008007FE8000886E800081CD00008000000003F
:10D018000000000020D0000896E800089DE80008FD
:10D02800000000002129000800000000ACE800080A
:10D03800B3E80008D4D00008000000000000000099
:10D04800BBE80008C2E8000800000000AD2800089E
:10D0580000000000DCE80008E4E800080000000028
:10D068005527000800000000F9E8000800E900085A
:10D078000000000071050008010100003DE90008FA
:10D0880045E90008000000003D27000800000000F6
:10D0980055E900085BE9000800000000BD29000808
:10D0A800020000005EE9000868E9000800000000CE
:10D0B8003D290008030000000000000000000000F7
:10D0C800000000000000000000000000D8D00008A8
:10D0D80087E900088CE9000800000000C39D0008EB
:10D0E8000000000099E900089EE90008000000001F
:10D0F800BB9D0008000000000000000000000000C8
:10D10800000000000000000000000000CEE9000858
:10D11800D5E9000828D10008000000000000000040
:10D128002CD10008E5E90008EAE900080000000041
:10D13800612A000800000000000000000000000054
:10D1480000000000000000000000000064EB000880
:10D158006BEB000868D10008ED2A00080000000009
:10D168006CD1000827EC00082CEC00080000000037
:10D17800B92B00080502000064EC000869EC0008FF
:10D1880000000000B52E00080201000000000000A9
:10D198000000000000000000000000000000000087
:10D1A8003A000000D11701201E0000002FA8000837
:10D1B800E0CD000808000120D0CD0008ECD100081F
:10D1C800DC11012064000000D8D100089C11012066
:10D1D800E00A01208000000000000000CB9D00084C
:10D1E8000200000009AB0008E4110120D11701205A
:10D1F8001E000000C52F0008199E0008F59D0008B4
:10D20800399E0008079E000800000000FDEF000896
:10D21800BFEF000800000000693D000801000000A1
:10D22800DFA90008A7A900085DAB000800000000FE
:10D23800000000000000000000000000BAF0000834
:10D24800C1F0000800000000D945000801000000F6
:10D25800EBF00008F2F00008BCD200087D46000898
:10D268000101000097F100089FF10008000000008C
:10D278009545000801000000B0F10008B6F100086B
:10D28800E8D2000800000000000000002DE20008BD
:10D29800DCF1000800000000494600080100000019
:10D2A800EAF10008EEF100080000000031AD0008C6
:10D2B80000000000C0D2000811F2000819F20008AE
:10D2C80000000000ED44000801000000000000001C
:10D2D8000000000000000000000000000000000046
:10D2E800ECD200085DF2000866F2000800000000B9
:10D2F800314500080100000083F2000892F200089E
:10D308008CD30008000000000000000042F3000871
:10D3180049F30008CCD40008000000000000000019
:10D3280060F3000866F300088CD4000800000000D1
:10D33800000000007DF3000884F300084CD40008C6
:10D34800000000000000000093F3000898F30008B4
:10D358000CD40008F545000801010000ABF30008F3
:10D36800B1F30008CCD30008000000000000000062
:10D3780000000000000000000000000000000000A5
:10D388000000000090D30008C3F30008CDF30008A4
:10D3980000000000C9AD00080100000005F4000805
:10D3A8000CF400080000000085AD00080100000032
:10D3B8000000000000000000000000000000000065
:10D3C80000000000D0D3000843F4000849F4000826
:10D3D8000000000035AD00080100000077F40008E7
:10D3E8007CF4000800000000194500080100000056
:10D3F8000000000000000000000000000000000025
:10D408000000000010D4000854DF0008A8F4000849
:10D4180000000000EBAD00080100000042E9000830
:10D42800E7F400080000000051AE00080100000009
:10D4380000000000000000000000000000000000E4
:10D448000000000050D4000854DF0008FAF4000877
:10D4580000000000854500080100000042E90008BE
:10D468000AF500080000000057AD000801000000A0
:10D4780000000000000000000000000000000000A4
:10D488000000000090D4000854DF000819F50008D7
:10D498000000000063AD00080100000042E9000838
:10D4A80031F50008000000002FAE00080100000060
:10D4B8000000000000000000000000000000000064
:10D4C80000000000D0D4000854DF000848F5000828
:10D4D80000000000A7AD00080100000042E90008B4
:10D4E80060F50008000000000DAE00080100000013
:10D4F8000000000000000000000000000000000024
:10D5080000000000000001200000000000000B06E1
:10D518000200000020D500080000000802FA0008F8
:10D5280026000207000001200AFA000822000B1159
:10D53800000000000000000040420F0020A107008A
:10D548006B030000006400400064004040000000DD
:10D5580000000002E7B4000864D500086CD5000894
:10D568000100000074D50008020000000903000053
:10D57800000200002903000000000000B3B4000806
:10D58800F964000845620008F95E0008095D0008B2
:10D59800E9600008815F0008B95D000871B40008FF
:10D5A800C5B40008795D0008BBB40008010000009C
:10D5B8000100010001000400000010000800000440
:10D5C800A5B60008DDB6000800000000B565000833
:10D5D80053B700080000000003B70008FFFF000071
:10D5E800002802400A00000030000000000400008B
:10D5F800FFFF000000240240090000003000000086
:10D6080000020000FFFF00000020024008000000A8
:10D618003000000000010000FFFF0000001C024075
:10D62800070000003000000080000000FFFF00003D
:10D638000018024006000000300000004000000012
:10D64800FFFF000000140240050000003000000049
:10D6580020000000FFFF000000100240040000004E
:10D668003000000010000000FFFF0000000C024026
:10D67800030000003000000008000000FFFF000069
:10D688000008024002000000300000000400000012
:10D69800FFFF00000004024001000000300000000D
:10D6A80002000000FFFF0000000002400000000030
:10D6B80030000000010000002DB9000885B70008FF
:10D6C80091B70008A3B70008ADB70008B9B70008BC
:10D6D8004D680008C7B700080000000028C9000806
:10D6E80014C9000800C90008ECC80008D8C8000818
:10D6F800C4C80008B0C800089CC8000888C800084A
:10D7080074C8000860C8000800000000000000009D
:10D718000000000000000000000000000038024087
:10D7280029BA00084BBA000867BA000885BA000889
:10D738000014014038C800088504000060D70008BC
:10D7480001000000000000000000000000000000D0
:10D7580068D70008B1BB00084400000020000000A2
:10D7680070D700080100000078D700080200000008
:10D77800C804000000020000E804000000000000E7
:10D788000010014038C8000884040000B0D7000821
:10D798000100000000000000000000000000000080
:10D7A800B8D700089BBB0008440000001000000028
:10D7B800C0D7000801000000C8D700080200000018
:10D7C8002701000000020000E7020000000000003E
:10D7D800ADBD00080FBD0008C5BA00080D6E0008F1
:10D7E800E7BB0008B5BC000869BD00081FBB0008FE
:10D7F80035BB0008D3BB00084BBB000861BB000861
:10D80800C7BB000877BB0008D9690008516A00083F
:10D8180045BD000883BB000887BB0008D5FE00088B
:10D82800E3FE0008F7FE000806FF000812FF0008E4
:10D8380054C7000854C70008F4C70008FCC700080C
:10D8480024C8000824C800082EFF000805000000AE
:10D8580058FF00080700000034FF00080800000017
:10D868003DFF00080400000042FF00080900000016
:10D878004CFF00080800000055FF00080A000000DF
:10D8880060FF00080600000000100000003053612F
:10D89800666574792053757065727669736F722046
:10D8A800546872656164206461206B686F692064E4
:10D8B8006F6E6720285072696F72697479203D20F5
:10D8C8002564292E0043414E20576F726B657220E4
:10D8D800546872656164206461206B686F692064B4
:10D8E8006F6E6720285072696F72697479203D20C5
:10D8F8002564292E0043414E205061636B657420D6
:10D908004F4B3A205370656564203D202575206B88
:10D918006D2F68207C2052504D203D202575207C9D
:10D928002054656D70203D20256420430043414EFE
:10D93800204672616D65204944203078253033587F
:10D94800206269206C6F692045324520686F6163E9
:10D95800206B686F6E672064756E672064696E68F7
:10D968002064616E6721003D3D3D3D3D3D3D3D3DAF
:10D978003D3D3D3D3D3D3D3D3D3D3D3D3D3D3D3DCF
:10D988003D3D3D3D3D3D3D3D3D3D3D3D3D3D3D3DBF
:10D998003D3D3D3D3D3D3D3D3D0020202041555410
:10D9A8004F4D4F5449564520534D41525420434101
:10D9B8004E2047415445574159202620434C555342
:10D9C800544552204F4B2120202020200020202089
:10D9D80052544F53204B65726E656C3A205A6570ED
:10D9E800687972204F53206F6E2053544D3332465E
:10D9F80037343620436F727465782D4D37202000F8
:10DA08002020204275696C642054696D653A202590
:10DA18007320257300536570203138203230323638
:10DA28000030313A30383A3435004C6F69206B6831
:10DA38006F692074616F2043414E20476174657798
:10DA4800617921204D61206C6F693A202564004777
:10DA58006F206C656E68202768656C70272074726B
:10DA6800656E20436F6E736F6C652055415254206C
:10DA780064652078656D2064616E682073616368F1
:10DA8800206C656E68206368616E20646F616E202B
:10DA9800434C492E007361666574795F746964004C
:10DAA80063616E5F776F726B65725F746964006D36
:10DAB80061696E5F6170700043414E20414C415274
:10DAC8004D3A2050686174206869656E20747261EF
:10DAD8006E672074686169204255532D4F46462170
:10DAE800205445433D25642C205245433D25640080
:10DAF80043414E205472616E736365697665722086
:10DB0800646120746875632074696E6820285354B2
:10DB180042203D204C4F57292E004C6F693A204E29
:10DB2800676F61692076692043414E3120636875CB
:10DB3800612073616E2073616E6721004B686F6EA0
:10DB48006720746865206B686F6920646F6E672052
:10DB580043414E20636F6E74726F6C6C6572212046
:10DB68004D61206C6F693A202564004C6F69206410
:10DB7800616E67206B792063616E5F6164645F72B8
:10DB8800785F66696C7465725F6D7367713A20259A
:10DB9800640043414E204761746577617920646170
:10DBA8002073616E2073616E67212046696C74650D
:10DBB800722049443D3078313233206461206E61EF
:10DBC80070207468616E6820636F6E672E006361F1
:10DBD8006E5F67617465776179004532452043411E
:10DBE8004E482042414F3A20536169206D612043DD
:10DBF80052432D3821204E68616E3A203078253006
:10DC080032582C2054696E683A20307825303258C2
:10DC1800004532452043414E482042414F3A205367
:10DC2800616920526F6C6C696E6720436F756E7402
:10DC3800657221204869656E207461693A202564FF
:10DC48002C204D6F6E6720646F693A20256400644C
:10DC580062635F6465636F64657200445443204186
:10DC68004C41524D3A20506861742073696E6820A7
:10DC78006D61206C6F69206D6F693A2030782530AE
:10DC8800345821004454432052657365743A205433
:10DC98006F616E20626F206D61206C6F6920636810
:10DCA800616E20646F616E2064612064756F63200B
:10DCB800786F6120736163682E007361666574799B
:10DCC8005F6D6F6E69746F7200E29E9420446120EC
:10DCD800786F6120746F616E20626F206D61206CB7
:10DCE8006F69206368616E20646F616E207468617B
:10DCF8006E6820636F6E672E0A0044616E68207339
:10DD0800616368206D61206C6F69206368616E20B3
:10DD1800646F616E202844544329206869656E2029
:10DD280068757520282575206C6F69293A0A00E204
:10DD38009E94204B686F6E6720636F206D61206C26
:10DD48006F69206E616F2E2048652074686F6E675A
:10DD580020414E20544F414E2074757965742064DB
:10DD68006F692E0A00205B25755D204454433A20D4
:10DD78003078253034580A00437520706861703A4D
:10DD88002063616E20696E6A656374203C6F7665F6
:10DD98007268656174207C206F7665727370656542
:10DDA80064207C20636F72727570743E0A006F760F
:10DDB80065726865617400E29E9420446120626F18
:10DDC8006D206C6F6920515541204E4849455420BB
:10DDD8002831313520646567432921204B69656DF9
:10DDE800207472612062616E6720276474632072F8
:10DDF800656164270A006F766572737065656400F3
:10DE0800E29E9420446120626F6D206C6F692051FE
:10DE1800554120564F4E472054554120283638301A
:10DE2800302052504D2921204B69656D2074726154
:10DE38002062616E672027647463207265616427BD
:10DE48000A00636F727275707400E29E94204461D8
:10DE580020626F6D20676F692074696E2053414995
:10DE6800204D41204352432D3821204B69656D20B8
:10DE78007472612062616E67202776656869636CD9
:10DE88006520737461747573270A004C6F69206B81
:10DE9800686F6E6720686F2074726F3A206F7665BE
:10DEA80072686561742C206F76657273706565643D
:10DEB8002C20636F72727570740A004F4E202844CC
:10DEC800414E47204348415929004F46462028449F
:10DED800412044554E4729005472616E672074688A
:10DEE8006169206869656E207461693A2025732E1E
:10DEF80020437520706861703A2063616E206175F7
:10DF0800746F203C6F6E7C6F66663E0A00E29E94DA
:10DF180020446120424154206D6F2070686F6E6705
:10DF28002043414E20747520646F6E672120586528
:10DF38002064616E672076616E2068616E68207467
:10DF480072656E2064756F6E672E0A006F666600D4
:10DF5800E29E9420446120544154206D6F207068E3
:10DF68006F6E672043414E2E204D61742074696E98
:10DF780020686965752043414E20736175203173AF
:10DF880020736520676179206C6F69204454435F72
:10DF98005530313030210A005468616D20736F208C
:10DFA8006B686F6E6720686F70206C652120447500
:10DFB8006E67202763616E206175746F206F6E270E
:10DFC80020686F6163202763616E206175746F201C
:10DFD8006F6666270A00437520706861703A20638F
:10DFE800616E2073696D203C73706565645F6B6D4D
:10DFF800683E0A00E29E94204461207068617420A3
:10E008003120676F692074696E3A20546F63206409
:10E018006F203D202575206B6D2F682C2052504DA8
:10E02800203D2025750A0056414C494420284F4B75
:10E038002900434F525255505420284641494C29F3
:10E04800003D3D3D3D3D3D3D3D3D3D3D3D3D3D3D35
:10E058003D3D3D3D3D3D3D3D3D3D3D3D3D3D3D3DE8
:10E068003D3D3D3D3D3D3D3D3D0A0020202054487D
:10E078004F4E4720534F2056414E2048414E48208E
:10E08800584520484F49202854454C454D45545241
:10E098005929200A00E280A220546F6320646F206F
:10E0A8006869656E20746169203A202575206B6D5A
:10E0B8002F680A00E280A220566F6E67207475618F
:10E0C800206D6179202020203A2025752052504D5E
:10E0D8000A00E280A2204E6869657420646F206E91
:10E0E800756F632020203A20256420646567430A01
:10E0F80000E280A220526F6C6C696E6720436F75D6
:10E108006E746572203A2025750A00E280A22045C7
:10E11800324520496E746567726974792020203A07
:10E128002025730A0063616E004C656E68206D6F70
:10E138002070686F6E67206D616E672043414E00E6
:10E1480073696D00476961206C6170207068617443
:10E15800203120676F692074696E2043414E202862
:10E1680063616E2073696D203C73706565643E2938
:10E17800006175746F004261742F746174206D6F53
:10E188002070686F6E6720786520636861792074F5
:10E198007520646F6E67202863616E206175746FE7
:10E1A800203C6F6E7C6F66663E2900696E6A656307
:10E1B8007400426F6D206C6F6920616E20746F610E
:10E1C8006E202863616E20696E6A656374203C6FF7
:10E1D800766572686561747C6F7665727370656563
:10E1E800647C636F72727570743E29006474630096
:10E1F8004C656E68206368616E20646F616E206D87
:10E2080061206C6F6900446F632064616E682073DD
:10E21800616368206D61206C6F69206368616E209E
:10E22800646F616E00636C65617200586F61207481
:10E238006F616E20626F206D61206C6F692063686A
:10E24800616E20646F616E0076656869636C650055
:10E258004C656E68207468656F20646F6920786506
:10E2680020686F6900737461747573004869656E1E
:10E27800207468692074686F6E6720736F207865F2
:10E2880020686F692074727563207175616E007300
:10E29800696D5F7469640028756E7369676E65647B
:10E2A800292063686172202A207573656420666F6F
:10E2B800722025257020617267756D656E742E2039
:10E2C80049742773207265636F6D6D656E6465644C
:10E2D80020746F206361737420697420746F2076D2
:10E2E8006F6964202A2062656361757365206974AB
:10E2F800206D6179206361757365206D697362654E
:10E30800686176696F7220696E20636572746169ED
:10E318006E20636F6E66696775726174696F6E737C
:10E328002E20537472696E673A2225732220617217
:10E3380067756D656E743A25640063627072696E04
:10E3480074665F7061636B616765004661696C65DF
:10E358006420746F207265626F6F743A20737069FD
:10E368006E6E696E6720656E646C6573736C792E6A
:10E378002E2E0A0025700020252D3230733A207584
:10E388006E61626C6520746F2067657420737461B8
:10E39800636B20737061636520282564290020253C
:10E3A8002D3230733A20535441434B3A20756E75E1
:10E3B80073656420257A7520757361676520257AF1
:10E3C80075202F20257A752028257A75202525295E
:10E3D8003B204350553A2025752025250020202034
:10E3E8002020203A20546F74616C204350552063DC
:10E3F80079636C657320757365643A20256C6C7558
:10E4080000202573252D3137643A20535441434B5E
:10E418003A20756E7573656420257A752075736169
:10E42800676520257A75202F20257A752028257A7A
:10E438007520252529004953520054687265616486
:10E4480020616E616C797A653A00746872656164FE
:10E458005F616E616C797A6572006C6F6767696E6F
:10E4680067006C6F67006C6F675F6D676D74004D58
:10E4780065737361676520282225732229206472D9
:10E488006F70706564206265636175736520697477
:10E4980020657863656564732073697A65206C69A3
:10E4A8006D69746174696F6E2028257529004D6542
:10E4B80073736167652064726F707065642062654C
:10E4C8006361757365206974206578636565647335
:10E4D8002073697A65206C696D69746174696F6EFF
:10E4E8002028257529000D0A001B5B306D00257357
:10E4F80020005B2530386C755D20005B2530327557
:10E508003A253032753A253032752E253033752C40
:10E51800253033755D200025732F003C25733E2080
:10E528000025733A20002530327820007C00206DC9
:10E53800657373616765732064726F7070656420BA
:10E548002D2D2D0D0A002D2D2D20001B5B313B3369
:10E55800316D001B5B313B33336D006572720077A0
:10E56800726E00696E6600646267006D656D6F7239
:10E57800792D706C616365686F6C646572403930C1
:10E5880030303030303000736472616D4063303049
:10E59800303030303000332E372E30005A657068F6
:10E5A80079722076657273696F6E2025730A00553B
:10E5B8007074696D653A20256C6C75206D730A005E
:10E5C8002D70002D2D7072657474790055737570F7
:10E5D800706F72746564206F7074696F6E3A20256D
:10E5E800730A00757074696D653A20256C6C752026
:10E5F800646179732C20256C6C7520686F75727353
:10E608002C20256C6C75206D696E757465732C20D3
:10E61800256C6C75207365636F6E64732C20256C94
:10E628006C75206D696C6C697365636F6E64730AD1
:10E63800005363686564756C65723A2025752073AC
:10E64800696E6365206C6173742063616C6C0A0089
:10E65800546872656164733A0A004E410025732557
:10E668007020252D3130730A00096F7074696F6E40
:10E67800733A20307825782C207072696F7269742B
:10E68800793A2025642074696D656F75743A202580
:10E698006C6C640A000973746174653A2025732CE4
:10E6A80020656E7472793A2025700A0009546F74D7
:10E6B800616C20657865637574696F6E2063796332
:10E6C8006C65733A20257520282575202525290A8B
:10E6D8000009546F74616C20657865637574696F9F
:10E6E8006E206379636C65733A203F20283F2025AC
:10E6F80025290A00556E61626C6520746F20646577
:10E708007465726D696E6520756E757365642073C6
:10E718007461636B2073697A6520282564290A0A65
:10E728000009737461636B2073697A6520257A75B3
:10E738002C20756E7573656420257A752C20757389
:10E7480061676520257A75202F20257A7520282570
:10E7580075202525290A0A002570204952512025AF
:10E76800303264202573287265616C2073697A657C
:10E778002025347A75293A09756E757365642025E4
:10E78800347A750975736167652025347A75202F89
:10E798002025347A75202825327A75202525290ADE
:10E7A800006379636C65733A202575206877206368
:10E7B80079636C65730A00556E61626C6520746FCD
:10E7C800207061727365206C6F672073657665725F
:10E7D8006974792028657272202564290A00496EB7
:10E7E80076616C6964206C6F67206C6576656C3A3D
:10E7F8002025640A00556E61626C6520746F20667E
:10E80800696E64206C6F6720736F757263653A2058
:10E8180025730A00556E61626C6520746F20706103
:10E8280072736520696E7075742028657272202570
:10E8380064290A00257020252D333273202872653B
:10E84800616C2073697A652025347A75293A0975CF
:10E858006E757365642025347A750975736167650B
:10E868002025347A75202F2025347A7520282532E2
:10E8780075202525290A006B65726E656C004B654D
:10E88800726E656C20636F6D6D616E647300637981
:10E89800636C6573004B65726E656C206379636C9D
:10E8A80065732E007265626F6F74005265626F6FD8
:10E8B800742E00737461636B73004C6973742074F5
:10E8C80068726561647320737461636B207573612A
:10E8D80067652E0074687265616473004C697374AF
:10E8E800206B65726E656C20746872656164732E46
:10E8F80000757074696D65004B65726E656C207586
:10E908007074696D652E2043616E206265206361B5
:10E918006C6C6564207769746820746865202D7054
:10E92800206F72202D2D707265747479206F707449
:10E93800696F6E730076657273696F6E004B6572EE
:10E948006E656C2076657273696F6E2E00736C65E8
:10E958006570006D73006C6F672D6C6576656C0073
:10E968003C6D6F64756C65206E616D653E203C730F
:10E97800657665726974792028302D34293E0063E4
:10E988006F6C6400436F6C64207265626F6F742EE5
:10E99800007761726D005761726D207265626F6FEA
:10E9A800742E0052454144590044495341424C4554
:10E9B8004400646576696365733A0A005B25705D97
:10E9C800002D2025730064657669636500446576CB
:10E9D80069636520636F6D6D616E6473006C697344
:10E9E80074004C69737420636F6E6669677572652D
:10E9F800642064657669636573005573696E672082
:10EA0800646174612077696474682025640A004928
:10EA18006E636F72726563742064617461207769D4
:10EA28006474680A00526561642076616C756520BB
:10EA3800307825780A0057726974696E67207661A4
:10EA48006C756520307825780A00696E76616C6986
:10EA580064206164647220272573270A00696E7632
:10EA6800616C69642073697A6520272573270A0019
:10EA7800696E76616C6964207769647468202725FB
:10EA880073270A00613A733A773A00272D61203CD0
:10EA9800616464726573733E27206973206D616ECB
:10EAA8006461746F72790A00272D73203C73697A48
:10EAB800653E27206973206D616E6461746F727999
:10EAC8000A006465766D656D206C6F6164207375EE
:10EAD80070706F7274732073657474696E672062E6
:10EAE8007970617373206F6E20612073696E676C33
:10EAF8006520696E7374616E63652E0A004C6F61E0
:10EB080064696E672E2E2E0A7072657373206374A3
:10EB1800726C2D78206374726C2D7120746F20656F
:10EB280073636170650A004E756D626572206F6669
:10EB380020627974657320726561643A2025640ADD
:10EB4800002D2D002D6500556E6B6E6F776E206F52
:10EB58007074696F6E20222573220A006465766DD1
:10EB6800656D00526561642F7772697465207068FD
:10EB780079736963616C206D656D6F72790A55737D
:10EB88006167653A0A52656164206D656D6F7279D7
:10EB98002061742061646472657373207769746896
:10EBA800206F7074696F6E616C2077696474683A5D
:10EBB8000A6465766D656D2061646472657373209F
:10EBC8005B77696474685D0A5772697465206D655E
:10EBD8006D6F72792061742061646472657373204B
:10EBE80077697468206D616E6461746F72792077DB
:10EBF8006964746820616E642076616C75653A0A90
:10EC08006465766D656D2061646472657373203C1C
:10EC180077696474683E203C76616C75653E006473
:10EC2800756D700055736167653A0A6465766D6540
:10EC38006D2064756D70202D61203C61646472657F
:10EC480073733E202D73203C73697A653E205B2DDB
:10EC580077203C77696474683E5D0A006C6F616474
:10EC68000055736167653A0A6465766D656D206C59
:10EC78006F6164205B6F7074696F6E735D205B6198
:10EC88006464726573735D0A4F7074696F6E733A6A
:10EC98000A2D65096C6974746C652D656E6469610B
:10ECA8006E2070617273650052582072696E672019
:10ECB8006275666665722066756C6C2E0073686591
:10ECC8006C6C2E7368656C6C5F7561727400736828
:10ECD800656C6C5F756172745F6261636B656E64AD
:10ECE800006563753A7E242000537562636F6D6D0D
:10ECF800616E64733A0A006E6F74207465726D6990
:10ED08006E617465643A2025630A00506C6561730E
:10ED18006520737065636966792061207375626325
:10ED28006F6D6D616E642E0A004572726F723A20C3
:10ED3800726571756573746564206D756C7469703E
:10ED48006C652066756E6374696F6E20657865639F
:10ED58007574696F6E730A003A20636F6D6D616E2A
:10ED680064206E6F7420666F756E6400546F6F2038
:10ED78006D616E7920617267756D656E7473206957
:10ED88006E2074686520636F6D6D616E642E0A0075
:10ED980025733A2077726F6E6720706172616D65B6
:10EDA80074657220636F756E740A005741524E493C
:10EDB8004E473A2041207072696E742072657175F1
:10EDC8006573742077617320646574656374656422
:10EDD800206F6E206E6F742061637469766520738E
:10EDE80068656C6C206261636B656E642E0A000A4C
:10EDF80025732573005368656C6C207468726561AF
:10EE080064206572726F723A20256400506C6561E7
:10EE1800736520707265737320746865203C546153
:10EE2800623E20627574746F6E20746F207365651E
:10EE380020616C6C20617661696C61626C6520632D
:10EE48006F6D6D616E64732E0A00596F7520636172
:10EE58006E20616C736F2075736520746865203C43
:10EE68005461623E20627574746F6E20746F2070F6
:10EE7800726F6D7074206F72206175746F2D636F7F
:10EE88006D706C65746520616C6C20636F6D6D616D
:10EE98006E6473206F722069747320737562636F78
:10EEA8006D6D616E64732E0A00596F752063616E13
:10EEB8002074727920746F2063616C6C20636F6DAD
:10EEC8006D616E64732077697468203C2D683E20FC
:10EED8006F72203C2D2D68656C703E2070617261E8
:10EEE8006D6574657220666F72206D6F726520693A
:10EEF8006E666F726D6174696F6E2E0A000A5368D0
:10EF0800656C6C20737570706F72747320666F6CAB
:10EF18006C6F77696E67206D6574612D6B657973A9
:10EF28003A0A20204374726C202B202861206B65DC
:10EF3800792066726F6D3A206162636465666B6CF6
:10EF48006E707577290A2020416C7420202B2028A8
:10EF580061206B65792066726F6D3A206266290AB6
:10EF6800506C6561736520726566657220746F20E8
:10EF78007368656C6C20646F63756D656E7461741D
:10EF8800696F6E20666F72206D6F7265206465749C
:10EF980061696C732E0A000A417661696C61626C62
:10EFA8006520636F6D6D616E64733A0A00253038B1
:10EFB800583A20007C0A005072696E747320746895
:10EFC800652068656C70206D6573736167652E00D8
:10EFD8001B5B25642563001B5B313B3325646D0097
:10EFE8001B5B34303325646D002573252D2A73008F
:10EFF8002D68002D2D68656C7000202D20002020C4
:10F00800004C6F7374206C6F67733A20256C750A17
:10F0180000416374697665207368656C6C20626171
:10F02800636B656E64733A0A0020202532642E20D3
:10F038003A257320282573290A005B2533645D204F
:10F0480025730A0025733A257325730A0020756E07
:10F058006B6E6F776E20706172616D657465723A60
:10F0680020004563686F207374617475733A2025B6
:10F07800730A004E6F20726573706F6E7365206639
:10F08800726F6D20746865207465726D696E616C4D
:10F098002C20617373756D656420383078323420A4
:10F0A80073637265656E2073697A650A001B5B3647
:10F0B8006E0072657476616C005072696E742072AD
:10F0C800657475726E2076616C7565206F66206D4B
:10F0D8006F737420726563656E7420636F6D6D6104
:10F0E8006E6400726573697A6500436F6E736F6C46
:10F0F800652067657473207465726D696E616C2034
:10F1080073637265656E2073697A65206F7220611A
:10F118007373756D65732064656661756C742069B9
:10F128006E20636173652074686520726561646F21
:10F138007574206661696C732E204974206D75732F
:10F1480074206265206578656375746564206166FE
:10F158007465722065616368207465726D696E619B
:10F168006C207769647468206368616E67652074D1
:10F178006F20656E7375726520636F727265637454
:10F18800207465787420646973706C61792E0068E6
:10F198006973746F727900436F6D6D616E64206876
:10F1A8006973746F72792E007368656C6C0055739F
:10F1B8006566756C2C206E6F7420556E69782D6CA1
:10F1C800696B65207368656C6C20636F6D6D616E2B
:10F1D80064732E00436C6561722073637265656E9B
:10F1E8002E0072656D0049676E6F7265206C696EDE
:10F1F800657320626567696E6E696E6720776974EA
:10F2080068202772656D20270064656661756C74D7
:10F2180000417373756D65203830206368617273BF
:10F228002073637265656E20776964746820616E07
:10F23800642073656E6420746869732073657474E0
:10F24800696E6720746F20746865207465726D69D3
:10F258006E616C2E006261636B656E6473004C694D
:10F26800737420616374697665207368656C6C20BB
:10F278006261636B656E64732E0A006261636B730F
:10F28800706163655F6D6F646500546F67676C6577
:10F29800206261636B7370616365206B6579206DB3
:10F2A8006F64652E0A536F6D65207465726D696EA3
:10F2B800616C7320617265206E6F742073656E6473
:10F2C800696E672073657061726174652065736328
:10F2D80061706520636F646520666F722062616388
:10F2E8006B737061636520616E642064656C65741E
:10F2F8006520627574746F6E2E205468697320637C
:10F308006F6D6D616E6420666F72636573207368DC
:10F31800656C6C20746F20696E74657270726574A8
:10F328002064656C657465206B6579206173206263
:10F3380061636B73706163652E00636F6C6F7273CA
:10F3480000546F67676C6520636F6C6F726564202B
:10F3580073796E7461782E00767431303000546F92
:10F3680067676C6520767431303020636F6D6D612E
:10F378006E64732E0070726F6D707400546F6767DF
:10F388006C652070726F6D70742E006563686F0015
:10F39800546F67676C65207368656C6C206563687B
:10F3A8006F2E007374617473005368656C6C2073FE
:10F3B8007461746973746963732E006261636B733B
:10F3C800706163650053657420646966666572657B
:10F3D8006E742065736361706520636F6465206671
:10F3E8006F72206261636B737061636520616E6424
:10F3F8002064656C657465206B65792E0064656CA6
:10F4080065746500536574207468652073616D6563
:10F418002065736361706520636F646520666F7231
:10F42800206261636B737061636520616E64206440
:10F43800656C657465206B65792E007265736574FB
:10F44800005265736574207368656C6C2073746111
:10F458007469737469637320666F722074686520B9
:10F468004C6F67676572206D6F64756C652E0073ED
:10F47800686F7700476574207368656C6C207374D7
:10F48800617469737469637320666F722074686548
:10F49800204C6F67676572206D6F64756C652E0010
:10F4A80044697361626C65207368656C6C20656380
:10F4B800686F2E2045646974696E67206B6579737F
:10F4C80020616E64206D6574612D6B6579732061B0
:10F4D8007265206E6F742068616E646C65640045A7
:10F4E8006E61626C65207368656C6C206563686F1B
:10F4F8002E0044697361626C652070726F6D707460
:10F508002E00456E61626C652070726F6D70742E8E
:10F518000044697361626C65207674313030206311
:10F528006F6D6D616E64732E00456E61626C65204F
:10F53800767431303020636F6D6D616E64732E00A8
:10F5480044697361626C6520636F6C6F72656420D7
:10F5580073796E7461782E00456E61626C65206304
:10F568006F6C6F7265642073796E7461782E0043D6
:10F578006F6D6D616E642062756666657220697371
:10F5880020746F6F2073686F727420746F206578B1
:10F5980070616E6420616C6C20636F6D6D616E6468
:10F5A80073206D61746368696E672077696C646342
:10F5B800617264207061747465726E3A2025730AF2
:10F5C8000072302F61313A20203078253038782089
:10F5D8002072312F61323A20203078253038782057
:10F5E8002072322F61333A20203078253038780065
:10F5F80072332F61343A20203078253038782072E1
:10F6080031322F69703A20203078253038782072CE
:10F6180031342F6C723A2020307825303878002029
:10F62800787073723A202030782530387800466137
:10F63800756C74696E6720696E737472756374692A
:10F648006F6E206164647265737320287231352F80
:10F658007063293A2030782530387800556E686113
:10F668006E646C6564204952516E3A202564002A04
:10F678002A2A2A2A20425553204641554C54202AEA
:10F688002A2A2A2A002020537461636B696E672036
:10F698006572726F72002020556E737461636B69B6
:10F6A8006E67206572726F72002020507265636900
:10F6B8007365206461746120627573206572726F6E
:10F6C800720020204246415220416464726573737F
:10F6D8003A2030782578002020496D70726563697A
:10F6E8007365206461746120627573206572726F3E
:10F6F80072002020496E737472756374696F6E208E
:10F70800627573206572726F72002020466C6F619B
:10F7180074696E672D706F696E74206C617A7920D8
:10F72800737461746520707265736572766174694B
:10F738006F6E206572726F72002A2A2A2A2A205553
:10F7480053414745204641554C54202A2A2A2A2A03
:10F758000020204469766973696F6E206279207A87
:10F7680065726F002020556E616C69676E65642054
:10F778006D656D6F72792061636365737300202016
:10F788004E6F20636F70726F636573736F72206959
:10F798006E737472756374696F6E73002020496CA0
:10F7A8006C6567616C206C6F6164206F66204558DA
:10F7B800435F52455455524E20696E746F20504332
:10F7C800002020496C6C6567616C20757365206F3B
:10F7D8006620746865204550535200202041747497
:10F7E800656D707420746F20657865637574652025
:10F7F800756E646566696E656420696E737472758A
:10F808006374696F6E002A2A2A2A2A204D505520CF
:10F818004641554C54202A2A2A2A2A00202053746B
:10F8280061636B696E67206572726F722028636FFF
:10F838006E746578742061726561206D696768749B
:10F84800206265206E6F742076616C6964290020DF
:10F858002044617461204163636573732056696F46
:10F868006C6174696F6E0020204D4D4641522041F5
:10F878006464726573733A203078257800202049D3
:10F888006E737472756374696F6E20416363657318
:10F89800732056696F6C6174696F6E005265736589
:10F8A8007276656420457863657074696F6E202888
:10F8B8000053707572696F757320696E7465727222
:10F8C80075707420284952512000535053454C20DC
:10F8D800696E20746872656164206D6F6465206468
:10F8E8006F6573206E6F7420696E646963617465F7
:10F8F80020505350002A2A2A2A2A204841524420BC
:10F908004641554C54202A2A2A2A2A00202042758A
:10F9180073206661756C74206F6E20766563746FF2
:10F9280072207461626C65207265616400202044F5
:10F9380065627567206576656E740020204661757E
:10F948006C7420657363616C6174696F6E202873D1
:10F9580065652062656C6F772900415243485F45B1
:10F968005843455054207769746820726561736FF5
:10F978006E2025780A002A2A2A2A2A2044656275D8
:10F9880067206D6F6E69746F722065786365707437
:10F99800696F6E202A2A2A2A2A002A2A2A2A2A2035
:10F9A800257320256429202A2A2A2A2A006D7075A1
:10F9B800004661696C656420746F20616C6C6F63CC
:10F9C800617465206E6577204D50552072656769B2
:10F9D8006F6E2025750A00506172746974696F6EC4
:10F9E8002025753A2073616E6974792063686563B0
:10F9F8006B206661696C65642E00464C4153485F14
:10FA080030005352414D5F30006765746F70740069
:10FA18000A06050504010301020101010001696EDE
:10FA2800746572727570742D636F6E74726F6C6C1E
:10FA38006572403430303133633030004D73677154
:10FA4800202570206F766572666C6F7765642E204E
:10FA58004672616D652049443A2030782578006502
:10FA68007874656E646564007374616E6461726451
:10FA780000696E76616C6964206672616D652077D5
:10FA8800697468202573202825642D6269742920EB
:10FA980043414E20494420307825302A780063615C
:10FAA8006E5F636F6D6D6F6E005258204649464F0A
:10FAB800204F766572666C6F77004661696C656485
:10FAC8002063616C6C20636C6F636B5F636F6E7433
:10FAD800726F6C5F6765745F726174653A207265F6
:10FAE8007475726E205B25645D0066696C7465725E
:10FAF800204944202564206F7574206F6620626F4A
:10FB0800756E647300756E737570706F727465646A
:10FB1800206D6F64653A2030782530387800756E2E
:10FB2800737570706F727465642043414E20666906
:10FB38006C74657220666C6167732030782530328A
:10FB480078004E6F20667265652066696C74657210
:10FB5800206C65667400444C43206F662025642041
:10FB680065786365656473206D6178696D756D206E
:10FB78002825642900756E737570706F72746564DA
:10FB88002043414E206672616D6520666C61677323
:10FB980020307825303278004661696C65642074BD
:10FBA8006F20656E74657220696E6974206D6F646C
:10FBB80065006661696C656420746F20656E6162BA
:10FBC8006C652043414E207472616E73636569767B
:10FBD80065722028657272202564290043414E20F1
:10FBE8007472616E73636569766572206E6F7420D6
:10FBF800726561647900636C6F636B20636F6E7408
:10FC0800726F6C20646576696365206E6F7420720C
:10FC1800656164790048414C5F43414E5F496E69B4
:10FC28007420636C6F636B20636F6E74726F6C20EB
:10FC38006F6E206661696C65643A202564004341F3
:10FC48004E2070696E6374726C20736574757020D1
:10FC58006661696C65642028256429004661696CC1
:10FC6800656420746F206578697420736C656570AD
:10FC7800206D6F64650043616E27742066696E6449
:10FC88002074696D696E6720666F72206769766592
:10FC98006E20706172616D004661696C65642074E4
:10FCA8006F206C6561766520696E6974206D6F647C
:10FCB800650063616E403430303036343030006374
:10FCC800616E5F73746D3332007263634034303039
:10FCD8003233383030006770696F40343030323238
:10FCE800383030006770696F403430303232343029
:10FCF80030006770696F4034303032323030300055
:10FD08006770696F4034303032314330300067708B
:10FD1800696F403430303231383030006770696F85
:10FD2800403430303231343030006770696F4034DD
:10FD380030303231303030006770696F40343030E5
:10FD48003230433030006770696F403430303230C1
:10FD5800383030006770696F4034303032303430BA
:10FD680030006770696F40343030323030303000E6
:10FD780072657365742D636F6E74726F6C6C6572E7
:10FD8800004661696C65642063616C6C20636C6F0C
:10FD9800636B5F636F6E74726F6C5F6765745F72BD
:10FDA8006174652870636C6B656E5B305D29004318
:10FDB8006F756C64206E6F7420656E61626C65206F
:10FDC800284C50295541525420636C6F636B007264
:10FDD8006573657420636F6E74726F6C6C657220E6
:10FDE8006E6F7420726561647900257320646F6595
:10FDF80073206E6F7420737570706F7274206472E4
:10FE08006976657220656E61626C650073657269FA
:10FE1800616C403430303131343030007365726990
:10FE2800616C40343030313130303000756172747B
:10FE38005F73746D333200000000000000000001A1
:10FE48000203040607080948616C74696E67207329
:10FE5800797374656D00556E6B6E6F776E20657281
:10FE6800726F7200756E6B6E6F776E003E3E3E204D
:10FE78005A455048595220464154414C2045525207
:10FE88004F522025643A202573206F6E2043505529
:10FE9800202564004661756C7420647572696E670C
:10FEA80020696E746572727570742068616E646C16
:10FEB800696E670A0043757272656E7420746872A1
:10FEC8006561643A20257020282573290043505520
:10FED80020657863657074696F6E00556E68616E31
:10FEE800646C656420696E74657272757074005311
:10FEF8007461636B206F766572666C6F77004B6513
:10FF0800726E656C206F6F7073004B65726E656CF6
:10FF18002070616E69630069646C65006D61696E6B
:10FF2800006F73002B0064756D6D790070726573D6
:10FF38007461727400646561640073757370656ED2
:10FF48006465640061626F7274696E6700737573CB
:10FF580070656E64696E6700717565756564002A01
:10FF68002A2A20426F6F74696E67205A6570687913
:10FF780072204F53206275696C642076332E372EB9
:10FF880030202A2A2A0A00737973776F726B7100FE
:10FF9800286E756C6C29002A666C6F61742A0000E3
:10FFA8000D950008419B00080000000001000000BA
:10FFB80020000120000000000000000000000000F8
:10FFC800C04B0120000000000000000000000000FD
:10FFD8000000000000000000000000000002000017
:10FFE800FCD10008E00C0120F949000800000000DD
:08FFF800DDB00008000000006C
:020000040801F1
:1000000000000000010000000100000000000000EE
:1000100000000000000000005FE700080100000091
:1000200001000000000000008C0001200000000022
:100030000000000000C201000001030000000000F9
:10004000A4000120000000000000000000C2010028
:10005000000103000024F400B0000120B0000120E2
:10006000B8000120B8000120FF01FFFFFFFFFFFFE4
:0A007000FFFFFFFFFFFFFFFFFFFF90
:10007A000000000000000000000000000000000076
:10008A000000000000000000000000000000000066
:02009A00000064
:10009C000000000000000000000000000000000054
:1000AC000000000000000000000000000000000044
:1000BC000000000000000000000000000000000034
:1000CC000000000000000000000000000000000024
:0400DC000000000020
:1000E0000000000000000000000000000000000010
:1000F0000000000000000000000000000000000000
:1001000000000000000000000000000000000000EF
:1001100000000000000000000000000000000000DF
:0401200000000000DB
:100124007C0101207C01012000000000000000008F
:100134000E00000090010120900101200000000049
:08014400000000000E000000A5
:10014C00A4010120A40101201000000010000000F7
:10015C00C04A0120C04B0120C04A0120C04A0120E6
:10016C0000000000C8010120C801012000000000AF
:10017C00D4010120D4010120000000000100000086
:08018C00E4010120E40101205F
:0401940015E015E07D
:0400000508004FBDE3
:00000001FF
